Using pre-set license
Built from '2022.3/staging' branch; Version is '2022.3.38f1 (c5d5a7410213) revision 12965287'; Using compiler version '192829333'; Build Type 'Release'
OS: 'Windows 10  (10.0.19045) 64bit Professional' Language: 'ru' Physical Memory: 31888 MB
BatchMode: 1, IsHumanControllingUs: 0, StartBugReporterOnCrash: 0, Is64bit: 1, IsPro: 1

COMMAND LINE ARGUMENTS:
D:\unity\2022.3.38f1\Editor\Unity.exe
-adb2
-batchMode
-noUpm
-name
AssetImportWorker1
-projectPath
C:/Users/maks5/OneDrive/Рабочий стол/VoykovM_GUN41/My project
-logFile
Logs/AssetImportWorker1.log
-srvPort
51892
Successfully changed project path to: C:/Users/maks5/OneDrive/Рабочий стол/VoykovM_GUN41/My project
C:/Users/maks5/OneDrive/Рабочий стол/VoykovM_GUN41/My project
[UnityMemory] Configuration Parameters - Can be set up in boot.config
    "memorysetup-bucket-allocator-granularity=16"
    "memorysetup-bucket-allocator-bucket-count=8"
    "memorysetup-bucket-allocator-block-size=33554432"
    "memorysetup-bucket-allocator-block-count=8"
    "memorysetup-main-allocator-block-size=16777216"
    "memorysetup-thread-allocator-block-size=16777216"
    "memorysetup-gfx-main-allocator-block-size=16777216"
    "memorysetup-gfx-thread-allocator-block-size=16777216"
    "memorysetup-cache-allocator-block-size=4194304"
    "memorysetup-typetree-allocator-block-size=2097152"
    "memorysetup-profiler-bucket-allocator-granularity=16"
    "memorysetup-profiler-bucket-allocator-bucket-count=8"
    "memorysetup-profiler-bucket-allocator-block-size=33554432"
    "memorysetup-profiler-bucket-allocator-block-count=8"
    "memorysetup-profiler-allocator-block-size=16777216"
    "memorysetup-profiler-editor-allocator-block-size=1048576"
    "memorysetup-temp-allocator-size-main=16777216"
    "memorysetup-job-temp-allocator-block-size=2097152"
    "memorysetup-job-temp-allocator-block-size-background=1048576"
    "memorysetup-job-temp-allocator-reduction-small-platforms=262144"
    "memorysetup-allocator-temp-initial-block-size-main=262144"
    "memorysetup-allocator-temp-initial-block-size-worker=262144"
    "memorysetup-temp-allocator-size-background-worker=32768"
    "memorysetup-temp-allocator-size-job-worker=262144"
    "memorysetup-temp-allocator-size-preload-manager=33554432"
    "memorysetup-temp-allocator-size-nav-mesh-worker=65536"
    "memorysetup-temp-allocator-size-audio-worker=65536"
    "memorysetup-temp-allocator-size-cloud-worker=32768"
    "memorysetup-temp-allocator-size-gi-baking-worker=262144"
    "memorysetup-temp-allocator-size-gfx=262144"
Player connection [15476]  Target information:

Player connection [15476]  * "[IP] 192.168.0.12 [Port] 0 [Flags] 2 [Guid] 57171573 [EditorId] 57171573 [Version] 1048832 [Id] WindowsEditor(7,DESKTOP-AKH3RPN) [Debug] 1 [PackageName] WindowsEditor [ProjectName] Editor" 

Player connection [15476] Host joined multi-casting on [225.0.0.222:54997]...
Player connection [15476] Host joined alternative multi-casting on [225.0.0.222:34997]...
[PhysX] Initialized MultithreadedTaskDispatcher with 12 workers.
Refreshing native plugins compatible for Editor in 9.16 ms, found 3 plugins.
Preloading 0 native plugins for Editor in 0.00 ms.
Initialize engine version: 2022.3.38f1 (c5d5a7410213)
[Subsystems] Discovering subsystems at path D:/unity/2022.3.38f1/Editor/Data/Resources/UnitySubsystems
[Subsystems] Discovering subsystems at path C:/Users/maks5/OneDrive/Рабочий стол/VoykovM_GUN41/My project/Assets
GfxDevice: creating device client; threaded=0; jobified=0
Direct3D:
    Version:  Direct3D 11.0 [level 11.1]
    Renderer: AMD Radeon RX 6600 (ID=0x73ff)
    Vendor:   ATI
    VRAM:     8146 MB
    Driver:   32.0.21025.10016
Initialize mono
Mono path[0] = 'D:/unity/2022.3.38f1/Editor/Data/Managed'
Mono path[1] = 'D:/unity/2022.3.38f1/Editor/Data/MonoBleedingEdge/lib/mono/unityjit-win32'
Mono config path = 'D:/unity/2022.3.38f1/Editor/Data/MonoBleedingEdge/etc'
Using monoOptions --debugger-agent=transport=dt_socket,embedding=1,server=y,suspend=n,address=127.0.0.1:56548
Begin MonoManager ReloadAssembly
Registering precompiled unity dll's ...
Register platform support module: D:/unity/2022.3.38f1/Editor/Data/PlaybackEngines/WindowsStandaloneSupport/UnityEditor.WindowsStandalone.Extensions.dll
Registered in 0.003217 seconds.
- Loaded All Assemblies, in  0.217 seconds
Native extension for WindowsStandalone target not found
Mono: successfully reloaded assembly
- Finished resetting the current domain, in  0.161 seconds
Domain Reload Profiling: 378ms
	BeginReloadAssembly (65ms)
		ExecutionOrderSort (0ms)
		DisableScriptedObjects (0ms)
		BackupInstance (0ms)
		ReleaseScriptingObjects (0ms)
		CreateAndSetChildDomain (1ms)
	RebuildCommonClasses (22ms)
	RebuildNativeTypeToScriptingClass (6ms)
	initialDomainReloadingComplete (36ms)
	LoadAllAssembliesAndSetupDomain (87ms)
		LoadAssemblies (65ms)
		RebuildTransferFunctionScriptingTraits (0ms)
		AnalyzeDomain (86ms)
			TypeCache.Refresh (85ms)
				TypeCache.ScanAssembly (76ms)
			ScanForSourceGeneratedMonoScriptInfo (0ms)
			ResolveRequiredComponents (0ms)
	FinalizeReload (161ms)
		ReleaseScriptCaches (0ms)
		RebuildScriptCaches (0ms)
		SetupLoadedEditorAssemblies (126ms)
			LogAssemblyErrors (0ms)
			InitializePlatformSupportModulesInManaged (4ms)
			SetLoadedEditorAssemblies (5ms)
			RefreshPlugins (0ms)
			BeforeProcessingInitializeOnLoad (1ms)
			ProcessInitializeOnLoadAttributes (89ms)
			ProcessInitializeOnLoadMethodAttributes (27ms)
			AfterProcessingInitializeOnLoad (0ms)
			EditorAssembliesLoaded (0ms)
		ExecutionOrderSort2 (0ms)
		AwakeInstancesAfterBackupRestoration (0ms)
========================================================================
Worker process is ready to serve import requests
Begin MonoManager ReloadAssembly
- Loaded All Assemblies, in  0.415 seconds
Refreshing native plugins compatible for Editor in 3.78 ms, found 3 plugins.
Native extension for WindowsStandalone target not found
Mono: successfully reloaded assembly
- Finished resetting the current domain, in  0.399 seconds
Domain Reload Profiling: 814ms
	BeginReloadAssembly (96ms)
		ExecutionOrderSort (0ms)
		DisableScriptedObjects (3ms)
		BackupInstance (0ms)
		ReleaseScriptingObjects (0ms)
		CreateAndSetChildDomain (19ms)
	RebuildCommonClasses (20ms)
	RebuildNativeTypeToScriptingClass (5ms)
	initialDomainReloadingComplete (26ms)
	LoadAllAssembliesAndSetupDomain (267ms)
		LoadAssemblies (195ms)
		RebuildTransferFunctionScriptingTraits (0ms)
		AnalyzeDomain (125ms)
			TypeCache.Refresh (108ms)
				TypeCache.ScanAssembly (99ms)
			ScanForSourceGeneratedMonoScriptInfo (12ms)
			ResolveRequiredComponents (4ms)
	FinalizeReload (400ms)
		ReleaseScriptCaches (0ms)
		RebuildScriptCaches (0ms)
		SetupLoadedEditorAssemblies (302ms)
			LogAssemblyErrors (0ms)
			InitializePlatformSupportModulesInManaged (3ms)
			SetLoadedEditorAssemblies (3ms)
			RefreshPlugins (0ms)
			BeforeProcessingInitializeOnLoad (39ms)
			ProcessInitializeOnLoadAttributes (242ms)
			ProcessInitializeOnLoadMethodAttributes (12ms)
			AfterProcessingInitializeOnLoad (3ms)
			EditorAssembliesLoaded (0ms)
		ExecutionOrderSort2 (0ms)
		AwakeInstancesAfterBackupRestoration (4ms)
Launched and connected shader compiler UnityShaderCompiler.exe after 0.03 seconds
Refreshing native plugins compatible for Editor in 3.73 ms, found 3 plugins.
Preloading 0 native plugins for Editor in 0.00 ms.
Unloading 4101 Unused Serialized files (Serialized files now loaded: 0)
Unloading 57 unused Assets / (132.5 KB). Loaded Objects now: 4561.
Memory consumption went from 146.3 MB to 146.1 MB.
Total: 3.070500 ms (FindLiveObjects: 0.385800 ms CreateObjectMapping: 0.067300 ms MarkObjects: 2.438700 ms  DeleteObjects: 0.177600 ms)

AssetImportParameters requested are different than current active one (requested -> active):
  custom:container-demuxer-ogg: 62fdf1f143b41e24485cea50d1cbac27 -> 
  custom:video-decoder-ogg-theora: a1e56fd34408186e4bbccfd4996cb3dc -> 
  custom:framework-win-MediaFoundation: 216162199b28c13a410421893ffa2e32 -> 
  custom:CustomObjectIndexerAttribute: 9a22284fe3817be447336de3de66b15e -> 
  custom:container-demuxer-webm: 4f35f7cbe854078d1ac9338744f61a02 -> 
  custom:container-muxer-webm: aa71ff27fc2769a1b78a27578f13a17b -> 
  custom:video-decoder-webm-vp8: 9c59270c3fd7afecdb556c50c9e8de78 -> 
  custom:SearchIndexIgnoredProperties: e643bd26f0fe6173181afceb89e7c659 -> 
  custom:AudioImporter_EditorPlatform: d09bf68614088b80899f8185d706f6e7 -> 
  custom:video-encoder-webm-vp8: eb34c28f22e8b96e1ab97ce403110664 -> 
  custom:audio-decoder-ogg-vorbis: bf7c407c2cedff20999df2af8eb42d56 -> 
  custom:audio-encoder-webm-vorbis: bf7c407c2cedff20999df2af8eb42d56 -> 
========================================================================
Received Import Request.
  Time since last request: 192575.476106 seconds.
  path: Assets/Scripts/Editor/CustomEditorCommands.cs
  artifactKey: Guid(22a37f8fed714014b8f5ff7c0ab72ef4) Importer(2089858483,0ecaa5967403d082aa24f35e1b516d23)
Start importing Assets/Scripts/Editor/CustomEditorCommands.cs using Guid(22a37f8fed714014b8f5ff7c0ab72ef4) Importer(2089858483,0ecaa5967403d082aa24f35e1b516d23) [PhysX] Initialized MultithreadedTaskDispatcher with 12 workers.
 -> (artifact id: 'c1f909bcf1b0185c550348be7f56cbef') in 0.063084 seconds
Number of updated asset objects reloaded before import = 0
Number of asset objects unloaded after import = 1
========================================================================
Received Import Request.
  Time since last request: 0.000026 seconds.
  path: Assets/TextMesh Pro/Shaders/TMPro.cginc
  artifactKey: Guid(407bc68d299748449bbf7f48ee690f8d) Importer(2089858483,0ecaa5967403d082aa24f35e1b516d23)
Start importing Assets/TextMesh Pro/Shaders/TMPro.cginc using Guid(407bc68d299748449bbf7f48ee690f8d) Importer(2089858483,0ecaa5967403d082aa24f35e1b516d23) [PhysX] Initialized MultithreadedTaskDispatcher with 12 workers.
 -> (artifact id: 'f070294f1018117eadf7399b648518d8') in 0.012689 seconds
Number of updated asset objects reloaded before import = 0
Number of asset objects unloaded after import = 1
========================================================================
Received Import Request.
  Time since last request: 0.000017 seconds.
  path: Assets/TextMesh Pro/Shaders/TMP_SDF-Mobile Overlay.shader
  artifactKey: Guid(a02a7d8c237544f1962732b55a9aebf1) Importer(2089858483,0ecaa5967403d082aa24f35e1b516d23)
Start importing Assets/TextMesh Pro/Shaders/TMP_SDF-Mobile Overlay.shader using Guid(a02a7d8c237544f1962732b55a9aebf1) Importer(2089858483,0ecaa5967403d082aa24f35e1b516d23) [PhysX] Initialized MultithreadedTaskDispatcher with 12 workers.
 -> (artifact id: '0d3781bb0c3f4ef7c8f556c85763ad29') in 0.012649 seconds
Number of updated asset objects reloaded before import = 0
Number of asset objects unloaded after import = 1
========================================================================
Received Import Request.
  Time since last request: 0.000016 seconds.
  path: Assets/Effects/Explosion/SmallExplosion.prefab
  artifactKey: Guid(318d92bfb9c51a24489f25da35f234a0) Importer(2089858483,0ecaa5967403d082aa24f35e1b516d23)
Start importing Assets/Effects/Explosion/SmallExplosion.prefab using Guid(318d92bfb9c51a24489f25da35f234a0) Importer(2089858483,0ecaa5967403d082aa24f35e1b516d23) [PhysX] Initialized MultithreadedTaskDispatcher with 12 workers.
 -> (artifact id: '5e04038f16b718adb01e3e0f2324d7af') in 0.065472 seconds
Number of updated asset objects reloaded before import = 0
Number of asset objects unloaded after import = 18
========================================================================
Received Import Request.
  Time since last request: 0.000013 seconds.
  path: Assets/TextMesh Pro/Sprites/EmojiOne.png
  artifactKey: Guid(dffef66376be4fa480fb02b19edbe903) Importer(2089858483,0ecaa5967403d082aa24f35e1b516d23)
Start importing Assets/TextMesh Pro/Sprites/EmojiOne.png using Guid(dffef66376be4fa480fb02b19edbe903) Importer(2089858483,0ecaa5967403d082aa24f35e1b516d23) [PhysX] Initialized MultithreadedTaskDispatcher with 12 workers.
 -> (artifact id: '2571be2591889af2443ac8cc269ee997') in 0.032175 seconds
Number of updated asset objects reloaded before import = 0
Number of asset objects unloaded after import = 1
========================================================================
Received Import Request.
  Time since last request: 0.000015 seconds.
  path: Assets/Sprites/circlefill8px.png
  artifactKey: Guid(486a826db15e5774981eb30353a0d03b) Importer(2089858483,0ecaa5967403d082aa24f35e1b516d23)
Start importing Assets/Sprites/circlefill8px.png using Guid(486a826db15e5774981eb30353a0d03b) Importer(2089858483,0ecaa5967403d082aa24f35e1b516d23) [PhysX] Initialized MultithreadedTaskDispatcher with 12 workers.
 -> (artifact id: '6dd40bb77146d1a5894924a9476067c1') in 0.021708 seconds
Number of updated asset objects reloaded before import = 0
Number of asset objects unloaded after import = 3
========================================================================
Received Import Request.
  Time since last request: 0.000016 seconds.
  path: Assets/Sprites/up.png
  artifactKey: Guid(8a17f6ee71d7cd84893f3bf08e22e95a) Importer(2089858483,0ecaa5967403d082aa24f35e1b516d23)
Start importing Assets/Sprites/up.png using Guid(8a17f6ee71d7cd84893f3bf08e22e95a) Importer(2089858483,0ecaa5967403d082aa24f35e1b516d23) [PhysX] Initialized MultithreadedTaskDispatcher with 12 workers.
 -> (artifact id: '4c6654e38db38813df8d1e25c5d5155a') in 0.019225 seconds
Number of updated asset objects reloaded before import = 0
Number of asset objects unloaded after import = 3
========================================================================
Received Import Request.
  Time since last request: 0.000017 seconds.
  path: Assets/Sprites/circlefillRy86px512px.png
  artifactKey: Guid(afb2ac212290a184db5260fceddcdc03) Importer(2089858483,0ecaa5967403d082aa24f35e1b516d23)
Start importing Assets/Sprites/circlefillRy86px512px.png using Guid(afb2ac212290a184db5260fceddcdc03) Importer(2089858483,0ecaa5967403d082aa24f35e1b516d23) [PhysX] Initialized MultithreadedTaskDispatcher with 12 workers.
 -> (artifact id: '9f83fb23870bd44bb03ca491260d7279') in 0.021118 seconds
Number of updated asset objects reloaded before import = 0
Number of asset objects unloaded after import = 3
========================================================================
Received Import Request.
  Time since last request: 0.000015 seconds.
  path: Assets/Sprites/down arrow.png
  artifactKey: Guid(dd5ab83baa480ea44b966d7ca90d09bc) Importer(2089858483,0ecaa5967403d082aa24f35e1b516d23)
Start importing Assets/Sprites/down arrow.png using Guid(dd5ab83baa480ea44b966d7ca90d09bc) Importer(2089858483,0ecaa5967403d082aa24f35e1b516d23) [PhysX] Initialized MultithreadedTaskDispatcher with 12 workers.
 -> (artifact id: '1f62577089e1db7180670e6db264a097') in 0.019701 seconds
Number of updated asset objects reloaded before import = 0
Number of asset objects unloaded after import = 3
========================================================================
Received Import Request.
  Time since last request: 0.000021 seconds.
  path: Assets/Scripts/Commons/ReadOnlyAttribute.cs
  artifactKey: Guid(1f90314ac1a8468b8c2608fd134f8357) Importer(2089858483,0ecaa5967403d082aa24f35e1b516d23)
Start importing Assets/Scripts/Commons/ReadOnlyAttribute.cs using Guid(1f90314ac1a8468b8c2608fd134f8357) Importer(2089858483,0ecaa5967403d082aa24f35e1b516d23) [PhysX] Initialized MultithreadedTaskDispatcher with 12 workers.
 -> (artifact id: '71a420c8638bbb1d6b2c566d6cb70d19') in 0.008466 seconds
Number of updated asset objects reloaded before import = 0
Number of asset objects unloaded after import = 1
========================================================================
Received Import Request.
  Time since last request: 0.000027 seconds.
  path: Assets/Scripts/Tank/TurretController.cs
  artifactKey: Guid(19049311426e26a40bf82f4495216e95) Importer(2089858483,0ecaa5967403d082aa24f35e1b516d23)
Start importing Assets/Scripts/Tank/TurretController.cs using Guid(19049311426e26a40bf82f4495216e95) Importer(2089858483,0ecaa5967403d082aa24f35e1b516d23) [PhysX] Initialized MultithreadedTaskDispatcher with 12 workers.
 -> (artifact id: 'b1b18ff7886f6731611b66ec39476265') in 0.009185 seconds
Number of updated asset objects reloaded before import = 0
Number of asset objects unloaded after import = 1
========================================================================
Received Import Request.
  Time since last request: 0.000029 seconds.
  path: Assets/Scripts/Tank/Wheel.cs
  artifactKey: Guid(e2da2cdefd6a4269ad707af72143d957) Importer(2089858483,0ecaa5967403d082aa24f35e1b516d23)
Start importing Assets/Scripts/Tank/Wheel.cs using Guid(e2da2cdefd6a4269ad707af72143d957) Importer(2089858483,0ecaa5967403d082aa24f35e1b516d23) [PhysX] Initialized MultithreadedTaskDispatcher with 12 workers.
 -> (artifact id: 'bc5effccb93644baa0b50fc012032e77') in 0.011214 seconds
Number of updated asset objects reloaded before import = 0
Number of asset objects unloaded after import = 1
========================================================================
Received Import Request.
  Time since last request: 0.000016 seconds.
  path: Assets/Scripts/Patrol.cs
  artifactKey: Guid(a926e8e6c91a4cb59ef1a51c66cd7e59) Importer(2089858483,0ecaa5967403d082aa24f35e1b516d23)
Start importing Assets/Scripts/Patrol.cs using Guid(a926e8e6c91a4cb59ef1a51c66cd7e59) Importer(2089858483,0ecaa5967403d082aa24f35e1b516d23) [PhysX] Initialized MultithreadedTaskDispatcher with 12 workers.
 -> (artifact id: 'c646a820da03373a315eab2ef9617c02') in 0.010505 seconds
Number of updated asset objects reloaded before import = 0
Number of asset objects unloaded after import = 1
========================================================================
Received Import Request.
  Time since last request: 0.000016 seconds.
  path: Assets/Scenes/SampleScene.unity
  artifactKey: Guid(9fc0d4010bbf28b4594072e72b8655ab) Importer(2089858483,0ecaa5967403d082aa24f35e1b516d23)
Start importing Assets/Scenes/SampleScene.unity using Guid(9fc0d4010bbf28b4594072e72b8655ab) Importer(2089858483,0ecaa5967403d082aa24f35e1b516d23) [PhysX] Initialized MultithreadedTaskDispatcher with 12 workers.
 -> (artifact id: '2e613ec52d64a913779da1248b75f059') in 0.007594 seconds
Number of updated asset objects reloaded before import = 0
Number of asset objects unloaded after import = 1
========================================================================
Received Import Request.
  Time since last request: 0.000016 seconds.
  path: Assets/Scripts/Editor/UnityConstantsTemplate.txt
  artifactKey: Guid(add3e9fa4c1c4088b9878743986b71e0) Importer(2089858483,0ecaa5967403d082aa24f35e1b516d23)
Start importing Assets/Scripts/Editor/UnityConstantsTemplate.txt using Guid(add3e9fa4c1c4088b9878743986b71e0) Importer(2089858483,0ecaa5967403d082aa24f35e1b516d23) [PhysX] Initialized MultithreadedTaskDispatcher with 12 workers.
 -> (artifact id: 'e7e5cba259a1ecc99e55975b7faa2750') in 0.013712 seconds
Number of updated asset objects reloaded before import = 0
Number of asset objects unloaded after import = 1
========================================================================
Received Import Request.
  Time since last request: 0.000014 seconds.
  path: Assets/Scripts/TransmissionSettings.cs
  artifactKey: Guid(4a375aa80e7c4da6ae978721092c33e2) Importer(2089858483,0ecaa5967403d082aa24f35e1b516d23)
Start importing Assets/Scripts/TransmissionSettings.cs using Guid(4a375aa80e7c4da6ae978721092c33e2) Importer(2089858483,0ecaa5967403d082aa24f35e1b516d23) [PhysX] Initialized MultithreadedTaskDispatcher with 12 workers.
 -> (artifact id: 'efbfdcd92a1952fede09daead20fa679') in 0.009708 seconds
Number of updated asset objects reloaded before import = 0
Number of asset objects unloaded after import = 1
========================================================================
Received Import Request.
  Time since last request: 0.000016 seconds.
  path: Assets/TextMesh Pro/Documentation/TextMesh Pro User Guide 2016.pdf
  artifactKey: Guid(1b8d251f9af63b746bf2f7ffe00ebb9b) Importer(2089858483,0ecaa5967403d082aa24f35e1b516d23)
Start importing Assets/TextMesh Pro/Documentation/TextMesh Pro User Guide 2016.pdf using Guid(1b8d251f9af63b746bf2f7ffe00ebb9b) Importer(2089858483,0ecaa5967403d082aa24f35e1b516d23) [PhysX] Initialized MultithreadedTaskDispatcher with 12 workers.
 -> (artifact id: '7a02f324700825db19b37c52cf4b81a1') in 0.009009 seconds
Number of updated asset objects reloaded before import = 0
Number of asset objects unloaded after import = 1
========================================================================
Received Import Request.
  Time since last request: 0.000023 seconds.
  path: Assets/Scripts/Tank/ReloadIndicator.cs
  artifactKey: Guid(42c675aa2c514a84bbe63b31b1c8366a) Importer(2089858483,0ecaa5967403d082aa24f35e1b516d23)
Start importing Assets/Scripts/Tank/ReloadIndicator.cs using Guid(42c675aa2c514a84bbe63b31b1c8366a) Importer(2089858483,0ecaa5967403d082aa24f35e1b516d23) [PhysX] Initialized MultithreadedTaskDispatcher with 12 workers.
 -> (artifact id: 'bcd7e39de0234dc9d793280f580d85ad') in 0.007599 seconds
Number of updated asset objects reloaded before import = 0
Number of asset objects unloaded after import = 1
========================================================================
Received Import Request.
  Time since last request: 0.000015 seconds.
  path: Assets/Audio/TickerSum_Sound.mp3
  artifactKey: Guid(9a1741acb37cfa24bac63bb2380ff65d) Importer(2089858483,0ecaa5967403d082aa24f35e1b516d23)
Start importing Assets/Audio/TickerSum_Sound.mp3 using Guid(9a1741acb37cfa24bac63bb2380ff65d) Importer(2089858483,0ecaa5967403d082aa24f35e1b516d23) [PhysX] Initialized MultithreadedTaskDispatcher with 12 workers.
 -> (artifact id: '3ec6e07a79be5997ddfbd00fb25a6933') in 0.033797 seconds
Number of updated asset objects reloaded before import = 0
Number of asset objects unloaded after import = 1
========================================================================
Received Import Request.
  Time since last request: 0.000015 seconds.
  path: Assets/Scripts/Legacy/LegacyCurveUtility.cs
  artifactKey: Guid(37067db1955f4f62ba4c7b5ffb2941bd) Importer(2089858483,0ecaa5967403d082aa24f35e1b516d23)
Start importing Assets/Scripts/Legacy/LegacyCurveUtility.cs using Guid(37067db1955f4f62ba4c7b5ffb2941bd) Importer(2089858483,0ecaa5967403d082aa24f35e1b516d23) [PhysX] Initialized MultithreadedTaskDispatcher with 12 workers.
 -> (artifact id: 'ff113c381926a16d691bdf1472980f6d') in 0.008609 seconds
Number of updated asset objects reloaded before import = 0
Number of asset objects unloaded after import = 1
========================================================================
Received Import Request.
  Time since last request: 0.000014 seconds.
  path: Assets/TextMesh Pro/Shaders/TMP_SDF-Mobile Masking.shader
  artifactKey: Guid(bc1ede39bf3643ee8e493720e4259791) Importer(2089858483,0ecaa5967403d082aa24f35e1b516d23)
Start importing Assets/TextMesh Pro/Shaders/TMP_SDF-Mobile Masking.shader using Guid(bc1ede39bf3643ee8e493720e4259791) Importer(2089858483,0ecaa5967403d082aa24f35e1b516d23) [PhysX] Initialized MultithreadedTaskDispatcher with 12 workers.
 -> (artifact id: '89ccb0de83f2f4882cb3981a5d8df2e9') in 0.008930 seconds
Number of updated asset objects reloaded before import = 0
Number of asset objects unloaded after import = 1
========================================================================
Received Import Request.
  Time since last request: 0.000016 seconds.
  path: Assets/Sprites/rect4pxRy8.png
  artifactKey: Guid(90727ef1e5c911a4ebb89c62265b4dd6) Importer(2089858483,0ecaa5967403d082aa24f35e1b516d23)
Start importing Assets/Sprites/rect4pxRy8.png using Guid(90727ef1e5c911a4ebb89c62265b4dd6) Importer(2089858483,0ecaa5967403d082aa24f35e1b516d23) [PhysX] Initialized MultithreadedTaskDispatcher with 12 workers.
 -> (artifact id: 'f84a62b7991ac251da24264911c24a11') in 0.018346 seconds
Number of updated asset objects reloaded before import = 0
Number of asset objects unloaded after import = 3
========================================================================
Received Import Request.
  Time since last request: 0.000015 seconds.
  path: Assets/TextMesh Pro/Shaders/TMP_Bitmap.shader
  artifactKey: Guid(128e987d567d4e2c824d754223b3f3b0) Importer(2089858483,0ecaa5967403d082aa24f35e1b516d23)
Start importing Assets/TextMesh Pro/Shaders/TMP_Bitmap.shader using Guid(128e987d567d4e2c824d754223b3f3b0) Importer(2089858483,0ecaa5967403d082aa24f35e1b516d23) [PhysX] Initialized MultithreadedTaskDispatcher with 12 workers.
 -> (artifact id: '81de1976e9b3096c0a3bf47f4f1ea7ed') in 0.010048 seconds
Number of updated asset objects reloaded before import = 0
Number of asset objects unloaded after import = 1
========================================================================
Received Import Request.
  Time since last request: 0.000016 seconds.
  path: Assets/TextMesh Pro/Shaders/TMP_SDF Overlay.shader
  artifactKey: Guid(dd89cf5b9246416f84610a006f916af7) Importer(2089858483,0ecaa5967403d082aa24f35e1b516d23)
Start importing Assets/TextMesh Pro/Shaders/TMP_SDF Overlay.shader using Guid(dd89cf5b9246416f84610a006f916af7) Importer(2089858483,0ecaa5967403d082aa24f35e1b516d23) [PhysX] Initialized MultithreadedTaskDispatcher with 12 workers.
 -> (artifact id: '525b6fdba98c3d6ddab16c931b968363') in 0.008964 seconds
Number of updated asset objects reloaded before import = 0
Number of asset objects unloaded after import = 1
========================================================================
Received Import Request.
  Time since last request: 0.000016 seconds.
  path: Assets/TextMesh Pro/Shaders/TMP_SDF-Mobile.shader
  artifactKey: Guid(fe393ace9b354375a9cb14cdbbc28be4) Importer(2089858483,0ecaa5967403d082aa24f35e1b516d23)
Start importing Assets/TextMesh Pro/Shaders/TMP_SDF-Mobile.shader using Guid(fe393ace9b354375a9cb14cdbbc28be4) Importer(2089858483,0ecaa5967403d082aa24f35e1b516d23) [PhysX] Initialized MultithreadedTaskDispatcher with 12 workers.
 -> (artifact id: 'ffa6cdff91f65ea43dde19bf6523c610') in 0.009088 seconds
Number of updated asset objects reloaded before import = 0
Number of asset objects unloaded after import = 1
========================================================================
Received Import Request.
  Time since last request: 0.000015 seconds.
  path: Assets/Scripts/Tank/TankControls.cs
  artifactKey: Guid(1e360a6089d682e4bba8b289bea3276a) Importer(2089858483,0ecaa5967403d082aa24f35e1b516d23)
Start importing Assets/Scripts/Tank/TankControls.cs using Guid(1e360a6089d682e4bba8b289bea3276a) Importer(2089858483,0ecaa5967403d082aa24f35e1b516d23) [PhysX] Initialized MultithreadedTaskDispatcher with 12 workers.
 -> (artifact id: 'bc58ffa2500fd375b3fbe8c09c6ff46d') in 0.009545 seconds
Number of updated asset objects reloaded before import = 0
Number of asset objects unloaded after import = 1
========================================================================
Received Import Request.
  Time since last request: 0.000015 seconds.
  path: Assets/Models/Blocks/Materials/Sources/GridBox_Default.png
  artifactKey: Guid(19a97aef74c62de43ada255d9a5f53c8) Importer(2089858483,0ecaa5967403d082aa24f35e1b516d23)
Start importing Assets/Models/Blocks/Materials/Sources/GridBox_Default.png using Guid(19a97aef74c62de43ada255d9a5f53c8) Importer(2089858483,0ecaa5967403d082aa24f35e1b516d23) [PhysX] Initialized MultithreadedTaskDispatcher with 12 workers.
 -> (artifact id: '8a4decdb36d36f6a06cc43d3e2a1cd77') in 0.019135 seconds
Number of updated asset objects reloaded before import = 0
Number of asset objects unloaded after import = 1
========================================================================
Received Import Request.
  Time since last request: 0.000017 seconds.
  path: Assets/Effects/Smoke/Materials/Twinkle.mat
  artifactKey: Guid(8765829b4c1b820409385ae53384fb25) Importer(2089858483,0ecaa5967403d082aa24f35e1b516d23)
Start importing Assets/Effects/Smoke/Materials/Twinkle.mat using Guid(8765829b4c1b820409385ae53384fb25) Importer(2089858483,0ecaa5967403d082aa24f35e1b516d23) [PhysX] Initialized MultithreadedTaskDispatcher with 12 workers.
 -> (artifact id: 'a99cccf0e3abfe6a41829594ddbb2e5c') in 0.059347 seconds
Number of updated asset objects reloaded before import = 0
Number of asset objects unloaded after import = 2
========================================================================
Received Import Request.
  Time since last request: 0.000026 seconds.
  path: Assets/Models/Track/Materials/Textures/SwatchNavyDarkAlbedo.png
  artifactKey: Guid(b64756a3fbf7f7e42b02aa3aa8669374) Importer(2089858483,0ecaa5967403d082aa24f35e1b516d23)
Start importing Assets/Models/Track/Materials/Textures/SwatchNavyDarkAlbedo.png using Guid(b64756a3fbf7f7e42b02aa3aa8669374) Importer(2089858483,0ecaa5967403d082aa24f35e1b516d23) [PhysX] Initialized MultithreadedTaskDispatcher with 12 workers.
 -> (artifact id: '41115dee386b914186fb4bd7e5272f2c') in 0.016796 seconds
Number of updated asset objects reloaded before import = 0
Number of asset objects unloaded after import = 1
========================================================================
Received Import Request.
  Time since last request: 0.000021 seconds.
  path: Assets/Plugins/Zenject/Source/Binding/BindingUtil.cs
  artifactKey: Guid(3d9014e328d4ff04682edfaaa5bdad36) Importer(2089858483,0ecaa5967403d082aa24f35e1b516d23)
Start importing Assets/Plugins/Zenject/Source/Binding/BindingUtil.cs using Guid(3d9014e328d4ff04682edfaaa5bdad36) Importer(2089858483,0ecaa5967403d082aa24f35e1b516d23) [PhysX] Initialized MultithreadedTaskDispatcher with 12 workers.
 -> (artifact id: 'a2f6ef901d757e2ba1412bc12985fe9b') in 0.010142 seconds
Number of updated asset objects reloaded before import = 0
Number of asset objects unloaded after import = 1
========================================================================
Received Import Request.
  Time since last request: 0.000018 seconds.
  path: Assets/Effects/Weapon/Materials/Textures/MuzzleFlashFront.tif
  artifactKey: Guid(f955971657b85c442a7c56083fd7b440) Importer(2089858483,0ecaa5967403d082aa24f35e1b516d23)
Start importing Assets/Effects/Weapon/Materials/Textures/MuzzleFlashFront.tif using Guid(f955971657b85c442a7c56083fd7b440) Importer(2089858483,0ecaa5967403d082aa24f35e1b516d23) [PhysX] Initialized MultithreadedTaskDispatcher with 12 workers.
 -> (artifact id: '9eaf193f4f333a8e9aeb50890ed98436') in 0.019817 seconds
Number of updated asset objects reloaded before import = 0
Number of asset objects unloaded after import = 1
========================================================================
Received Import Request.
  Time since last request: 0.000019 seconds.
  path: Assets/Models/Tank/Materials/ParticleSmokeWhite.mat
  artifactKey: Guid(c617e7cbee0d2344a9b5e53116c43a2c) Importer(2089858483,0ecaa5967403d082aa24f35e1b516d23)
Start importing Assets/Models/Tank/Materials/ParticleSmokeWhite.mat using Guid(c617e7cbee0d2344a9b5e53116c43a2c) Importer(2089858483,0ecaa5967403d082aa24f35e1b516d23) [PhysX] Initialized MultithreadedTaskDispatcher with 12 workers.
 -> (artifact id: '1c1ff673bb59a322a84a5dec8e89b659') in 0.019555 seconds
Number of updated asset objects reloaded before import = 0
Number of asset objects unloaded after import = 2
========================================================================
Received Import Request.
  Time since last request: 0.000016 seconds.
  path: Assets/Models/Blocks/Materials/ObstacleWhiteMaterial.mat
  artifactKey: Guid(97ac983daaf552142bf33fbd114b4f57) Importer(2089858483,0ecaa5967403d082aa24f35e1b516d23)
Start importing Assets/Models/Blocks/Materials/ObstacleWhiteMaterial.mat using Guid(97ac983daaf552142bf33fbd114b4f57) Importer(2089858483,0ecaa5967403d082aa24f35e1b516d23) [PhysX] Initialized MultithreadedTaskDispatcher with 12 workers.
 -> (artifact id: '325d2be373bc343fdeeebe4dd7b0e781') in 0.048803 seconds
Number of updated asset objects reloaded before import = 0
Number of asset objects unloaded after import = 2
========================================================================
Received Import Request.
  Time since last request: 0.000024 seconds.
  path: Assets/Plugins/Zenject/Source/Editor/EditorStaticInstaller.cs
  artifactKey: Guid(fcb2e11e0ed56de48b0ba9b5e3ae10c9) Importer(2089858483,0ecaa5967403d082aa24f35e1b516d23)
Start importing Assets/Plugins/Zenject/Source/Editor/EditorStaticInstaller.cs using Guid(fcb2e11e0ed56de48b0ba9b5e3ae10c9) Importer(2089858483,0ecaa5967403d082aa24f35e1b516d23) [PhysX] Initialized MultithreadedTaskDispatcher with 12 workers.
 -> (artifact id: '6e78d47b599afd36c0e46238e8c17f10') in 0.010667 seconds
Number of updated asset objects reloaded before import = 0
Number of asset objects unloaded after import = 1
========================================================================
Received Import Request.
  Time since last request: 0.000020 seconds.
  path: Assets/Scripts/Legacy/Editor/TransmissionDataView.uxml
  artifactKey: Guid(a16e8d666d21dcf4aaeae2f7455953f8) Importer(2089858483,0ecaa5967403d082aa24f35e1b516d23)
Start importing Assets/Scripts/Legacy/Editor/TransmissionDataView.uxml using Guid(a16e8d666d21dcf4aaeae2f7455953f8) Importer(2089858483,0ecaa5967403d082aa24f35e1b516d23) [PhysX] Initialized MultithreadedTaskDispatcher with 12 workers.
 -> (artifact id: 'aaae69b091da6bc8560b0ededb62e32f') in 0.036115 seconds
Number of updated asset objects reloaded before import = 0
Number of asset objects unloaded after import = 4
========================================================================
Received Import Request.
  Time since last request: 0.000015 seconds.
  path: Assets/Effects/Explosion/Materials/Textures/SphereNormal.tif
  artifactKey: Guid(b7de68a779f91264e8da00162a6b7168) Importer(2089858483,0ecaa5967403d082aa24f35e1b516d23)
Start importing Assets/Effects/Explosion/Materials/Textures/SphereNormal.tif using Guid(b7de68a779f91264e8da00162a6b7168) Importer(2089858483,0ecaa5967403d082aa24f35e1b516d23) [PhysX] Initialized MultithreadedTaskDispatcher with 12 workers.
 -> (artifact id: '1148d0cc7bc26eb4cf5bcda045746901') in 0.018993 seconds
Number of updated asset objects reloaded before import = 0
Number of asset objects unloaded after import = 1
========================================================================
Received Import Request.
  Time since last request: 0.000018 seconds.
  path: Assets/Plugins/Zenject/Source/Editor/ObjectGraphVisualizer.cs
  artifactKey: Guid(29f47f2a06418244e8fcbe27db1a0eea) Importer(2089858483,0ecaa5967403d082aa24f35e1b516d23)
Start importing Assets/Plugins/Zenject/Source/Editor/ObjectGraphVisualizer.cs using Guid(29f47f2a06418244e8fcbe27db1a0eea) Importer(2089858483,0ecaa5967403d082aa24f35e1b516d23) [PhysX] Initialized MultithreadedTaskDispatcher with 12 workers.
 -> (artifact id: 'd8f67867802acfcad6a3197821f6d630') in 0.008131 seconds
Number of updated asset objects reloaded before import = 0
Number of asset objects unloaded after import = 1
========================================================================
Received Import Request.
  Time since last request: 0.000017 seconds.
  path: Assets/Models/Drone/References/Animations/Fan Controller.controller
  artifactKey: Guid(a2c255f835a5f984a931e730b1ed4a95) Importer(2089858483,0ecaa5967403d082aa24f35e1b516d23)
Start importing Assets/Models/Drone/References/Animations/Fan Controller.controller using Guid(a2c255f835a5f984a931e730b1ed4a95) Importer(2089858483,0ecaa5967403d082aa24f35e1b516d23) [PhysX] Initialized MultithreadedTaskDispatcher with 12 workers.
 -> (artifact id: '7879f206f665e769f3effbff7ca54bf2') in 0.018990 seconds
Number of updated asset objects reloaded before import = 0
Number of asset objects unloaded after import = 4
========================================================================
Received Import Request.
  Time since last request: 0.000015 seconds.
  path: Assets/Effects/Smoke/Materials/Smoke02.mat
  artifactKey: Guid(43d3e21dd15c3b847957abee25d004d9) Importer(2089858483,0ecaa5967403d082aa24f35e1b516d23)
Start importing Assets/Effects/Smoke/Materials/Smoke02.mat using Guid(43d3e21dd15c3b847957abee25d004d9) Importer(2089858483,0ecaa5967403d082aa24f35e1b516d23) [PhysX] Initialized MultithreadedTaskDispatcher with 12 workers.
 -> (artifact id: '8af5ae0f98501b24c7304d4b03075bae') in 0.070803 seconds
Number of updated asset objects reloaded before import = 0
Number of asset objects unloaded after import = 2
========================================================================
Received Import Request.
  Time since last request: 0.000016 seconds.
  path: Assets/Effects/Smoke/Materials/Textures/smokeysteam.tif
  artifactKey: Guid(76e25da1cefc7f446bcc43a70fb13a0f) Importer(2089858483,0ecaa5967403d082aa24f35e1b516d23)
Start importing Assets/Effects/Smoke/Materials/Textures/smokeysteam.tif using Guid(76e25da1cefc7f446bcc43a70fb13a0f) Importer(2089858483,0ecaa5967403d082aa24f35e1b516d23) [PhysX] Initialized MultithreadedTaskDispatcher with 12 workers.
 -> (artifact id: 'd4dcf5bd2f43579a5c33e2a5ec7f8590') in 0.014288 seconds
Number of updated asset objects reloaded before import = 0
Number of asset objects unloaded after import = 1
========================================================================
Received Import Request.
  Time since last request: 0.000022 seconds.
  path: Assets/Animations/Indicator/IndicatorFourth_Anim.anim
  artifactKey: Guid(4ffe1afc44ee95f4fad8fcad8b926594) Importer(2089858483,0ecaa5967403d082aa24f35e1b516d23)
Start importing Assets/Animations/Indicator/IndicatorFourth_Anim.anim using Guid(4ffe1afc44ee95f4fad8fcad8b926594) Importer(2089858483,0ecaa5967403d082aa24f35e1b516d23) [PhysX] Initialized MultithreadedTaskDispatcher with 12 workers.
 -> (artifact id: 'e7139c392c02579c5a5ccaf3990855b1') in 0.014763 seconds
Number of updated asset objects reloaded before import = 0
Number of asset objects unloaded after import = 1
========================================================================
Received Import Request.
  Time since last request: 0.000012 seconds.
  path: Assets/TextMesh Pro/Resources/Style Sheets/Default Style Sheet.asset
  artifactKey: Guid(f952c082cb03451daed3ee968ac6c63e) Importer(2089858483,0ecaa5967403d082aa24f35e1b516d23)
Start importing Assets/TextMesh Pro/Resources/Style Sheets/Default Style Sheet.asset using Guid(f952c082cb03451daed3ee968ac6c63e) Importer(2089858483,0ecaa5967403d082aa24f35e1b516d23) [PhysX] Initialized MultithreadedTaskDispatcher with 12 workers.
 -> (artifact id: '66a91dacc12102b869e0f8a0bc2370b5') in 0.007468 seconds
Number of updated asset objects reloaded before import = 0
Number of asset objects unloaded after import = 1
========================================================================
Received Import Request.
  Time since last request: 0.000012 seconds.
  path: Assets/Scripts/SkyRotation.cs
  artifactKey: Guid(7919d25b45ac4890a8cf138b43702116) Importer(2089858483,0ecaa5967403d082aa24f35e1b516d23)
Start importing Assets/Scripts/SkyRotation.cs using Guid(7919d25b45ac4890a8cf138b43702116) Importer(2089858483,0ecaa5967403d082aa24f35e1b516d23) [PhysX] Initialized MultithreadedTaskDispatcher with 12 workers.
 -> (artifact id: '8e67605235e163b0f13558c97db27432') in 0.007554 seconds
Number of updated asset objects reloaded before import = 0
Number of asset objects unloaded after import = 1
========================================================================
Received Import Request.
  Time since last request: 0.000016 seconds.
  path: Assets/Animations/Indicator/IndicatorThird_Anim.anim
  artifactKey: Guid(1ed7a6d85ed608446b4235996a57d4f6) Importer(2089858483,0ecaa5967403d082aa24f35e1b516d23)
Start importing Assets/Animations/Indicator/IndicatorThird_Anim.anim using Guid(1ed7a6d85ed608446b4235996a57d4f6) Importer(2089858483,0ecaa5967403d082aa24f35e1b516d23) [PhysX] Initialized MultithreadedTaskDispatcher with 12 workers.
 -> (artifact id: '074c90c8687aab85ade21ee668a7d8bf') in 0.016207 seconds
Number of updated asset objects reloaded before import = 0
Number of asset objects unloaded after import = 1
========================================================================
Received Import Request.
  Time since last request: 0.000018 seconds.
  path: Assets/Effects/Smoke/Materials/Textures/Twinkle.png
  artifactKey: Guid(e9479d826e8ef15429fa21cb5a46ab56) Importer(2089858483,0ecaa5967403d082aa24f35e1b516d23)
Start importing Assets/Effects/Smoke/Materials/Textures/Twinkle.png using Guid(e9479d826e8ef15429fa21cb5a46ab56) Importer(2089858483,0ecaa5967403d082aa24f35e1b516d23) [PhysX] Initialized MultithreadedTaskDispatcher with 12 workers.
 -> (artifact id: '7048fea577fd2592ae4412c2e52161a3') in 0.012363 seconds
Number of updated asset objects reloaded before import = 0
Number of asset objects unloaded after import = 1
========================================================================
Received Import Request.
  Time since last request: 0.000017 seconds.
  path: Assets/Models/Drone/References/Animations/Fan Rotation.anim
  artifactKey: Guid(85e93fac93c19ee4daa894ed59f8c60b) Importer(2089858483,0ecaa5967403d082aa24f35e1b516d23)
Start importing Assets/Models/Drone/References/Animations/Fan Rotation.anim using Guid(85e93fac93c19ee4daa894ed59f8c60b) Importer(2089858483,0ecaa5967403d082aa24f35e1b516d23) [PhysX] Initialized MultithreadedTaskDispatcher with 12 workers.
 -> (artifact id: 'dd2fe9a609e49cdb20be7cf8b276653f') in 0.011489 seconds
Number of updated asset objects reloaded before import = 0
Number of asset objects unloaded after import = 1
========================================================================
Received Import Request.
  Time since last request: 0.000023 seconds.
  path: Assets/Scripts/CinemachineInputCustomProvider.cs
  artifactKey: Guid(b8b7bc0aed91421f82a8dfd7898692a5) Importer(2089858483,0ecaa5967403d082aa24f35e1b516d23)
Start importing Assets/Scripts/CinemachineInputCustomProvider.cs using Guid(b8b7bc0aed91421f82a8dfd7898692a5) Importer(2089858483,0ecaa5967403d082aa24f35e1b516d23) [PhysX] Initialized MultithreadedTaskDispatcher with 12 workers.
 -> (artifact id: 'c6453b73c0a1d94f3a335706083ab058') in 0.010550 seconds
Number of updated asset objects reloaded before import = 0
Number of asset objects unloaded after import = 1
========================================================================
Received Import Request.
  Time since last request: 0.000018 seconds.
  path: Assets/Models/Track/Materials/NavyGrid.mat
  artifactKey: Guid(297e3a11e7d07fc48b4f71056b4f927f) Importer(2089858483,0ecaa5967403d082aa24f35e1b516d23)
Start importing Assets/Models/Track/Materials/NavyGrid.mat using Guid(297e3a11e7d07fc48b4f71056b4f927f) Importer(2089858483,0ecaa5967403d082aa24f35e1b516d23) [PhysX] Initialized MultithreadedTaskDispatcher with 12 workers.
 -> (artifact id: '5d068cea38afdd47b3879f4fab38b0d7') in 0.035124 seconds
Number of updated asset objects reloaded before import = 0
Number of asset objects unloaded after import = 3
========================================================================
Received Import Request.
  Time since last request: 0.000017 seconds.
  path: Assets/Effects/Explosion/Materials/Textures/SmokePuff01.tif
  artifactKey: Guid(26e206bd730800f4f82b828eb9f1c067) Importer(2089858483,0ecaa5967403d082aa24f35e1b516d23)
Start importing Assets/Effects/Explosion/Materials/Textures/SmokePuff01.tif using Guid(26e206bd730800f4f82b828eb9f1c067) Importer(2089858483,0ecaa5967403d082aa24f35e1b516d23) [PhysX] Initialized MultithreadedTaskDispatcher with 12 workers.
 -> (artifact id: '838888ba0f70ae75fdbff5d6e36c0a0d') in 0.019468 seconds
Number of updated asset objects reloaded before import = 0
Number of asset objects unloaded after import = 1
========================================================================
Received Import Request.
  Time since last request: 0.000017 seconds.
  path: Assets/Effects/Explosion/Materials/Textures/Explosion.tif
  artifactKey: Guid(409ef26b64696f340b2f62b41d2fc11f) Importer(2089858483,0ecaa5967403d082aa24f35e1b516d23)
Start importing Assets/Effects/Explosion/Materials/Textures/Explosion.tif using Guid(409ef26b64696f340b2f62b41d2fc11f) Importer(2089858483,0ecaa5967403d082aa24f35e1b516d23) [PhysX] Initialized MultithreadedTaskDispatcher with 12 workers.
 -> (artifact id: 'ee100b62ee922393a828db273e13e9b2') in 0.015908 seconds
Number of updated asset objects reloaded before import = 0
Number of asset objects unloaded after import = 1
========================================================================
Received Import Request.
  Time since last request: 0.000017 seconds.
  path: Assets/Models/Tank/Materials/Textures/ParticleCloudWhite.png
  artifactKey: Guid(b16c22b4e3fa11d4b9e83f6fcfac8cc6) Importer(2089858483,0ecaa5967403d082aa24f35e1b516d23)
Start importing Assets/Models/Tank/Materials/Textures/ParticleCloudWhite.png using Guid(b16c22b4e3fa11d4b9e83f6fcfac8cc6) Importer(2089858483,0ecaa5967403d082aa24f35e1b516d23) [PhysX] Initialized MultithreadedTaskDispatcher with 12 workers.
 -> (artifact id: 'c40704955618857c9f258f4e932c160e') in 0.014918 seconds
Number of updated asset objects reloaded before import = 0
Number of asset objects unloaded after import = 1
========================================================================
Received Import Request.
  Time since last request: 0.000021 seconds.
  path: Assets/Scripts/UnityConstantExtensions.cs
  artifactKey: Guid(2bd35bb87dba42fea7331f2ebd428e76) Importer(2089858483,0ecaa5967403d082aa24f35e1b516d23)
Start importing Assets/Scripts/UnityConstantExtensions.cs using Guid(2bd35bb87dba42fea7331f2ebd428e76) Importer(2089858483,0ecaa5967403d082aa24f35e1b516d23) [PhysX] Initialized MultithreadedTaskDispatcher with 12 workers.
 -> (artifact id: '147dd0cac0ebdb7b4971bf4d3db0cf21') in 0.010449 seconds
Number of updated asset objects reloaded before import = 0
Number of asset objects unloaded after import = 1
========================================================================
Received Import Request.
  Time since last request: 0.000016 seconds.
  path: Assets/Skybox/CoriolisNight4k.hdr
  artifactKey: Guid(354036e57ae357148aed267204ce73a7) Importer(2089858483,0ecaa5967403d082aa24f35e1b516d23)
Start importing Assets/Skybox/CoriolisNight4k.hdr using Guid(354036e57ae357148aed267204ce73a7) Importer(2089858483,0ecaa5967403d082aa24f35e1b516d23) [PhysX] Initialized MultithreadedTaskDispatcher with 12 workers.
 -> (artifact id: '28c8d50eb09f78d45e87fa62f75d64c5') in 0.036527 seconds
Number of updated asset objects reloaded before import = 0
Number of asset objects unloaded after import = 1
========================================================================
Received Import Request.
  Time since last request: 0.000022 seconds.
  path: Assets/Scripts/Structs.cs
  artifactKey: Guid(5502e0431966409a938797d454db16ae) Importer(2089858483,0ecaa5967403d082aa24f35e1b516d23)
Start importing Assets/Scripts/Structs.cs using Guid(5502e0431966409a938797d454db16ae) Importer(2089858483,0ecaa5967403d082aa24f35e1b516d23) [PhysX] Initialized MultithreadedTaskDispatcher with 12 workers.
 -> (artifact id: '4764e810a6aafd8ac1e0d97d58568bbd') in 0.008766 seconds
Number of updated asset objects reloaded before import = 0
Number of asset objects unloaded after import = 1
========================================================================
Received Import Request.
  Time since last request: 0.000025 seconds.
  path: Assets/Effects/Smoke/Materials/SmokeLight.mat
  artifactKey: Guid(f06455b167e1b0b428c9af62d7aa6832) Importer(2089858483,0ecaa5967403d082aa24f35e1b516d23)
Start importing Assets/Effects/Smoke/Materials/SmokeLight.mat using Guid(f06455b167e1b0b428c9af62d7aa6832) Importer(2089858483,0ecaa5967403d082aa24f35e1b516d23) [PhysX] Initialized MultithreadedTaskDispatcher with 12 workers.
 -> (artifact id: '185c71e4de6e3b4a5da49691ac5fd453') in 0.020498 seconds
Number of updated asset objects reloaded before import = 0
Number of asset objects unloaded after import = 3
========================================================================
Received Import Request.
  Time since last request: 0.000017 seconds.
  path: Assets/Scripts/Legacy/Editor/LegacyTransmissionSettingsEditor.cs
  artifactKey: Guid(7642c00cce4a499a851d76c4fb516e05) Importer(2089858483,0ecaa5967403d082aa24f35e1b516d23)
Start importing Assets/Scripts/Legacy/Editor/LegacyTransmissionSettingsEditor.cs using Guid(7642c00cce4a499a851d76c4fb516e05) Importer(2089858483,0ecaa5967403d082aa24f35e1b516d23) [PhysX] Initialized MultithreadedTaskDispatcher with 12 workers.
 -> (artifact id: '8e7a49c34fcd076436df236afeb3c07c') in 0.008555 seconds
Number of updated asset objects reloaded before import = 0
Number of asset objects unloaded after import = 1
========================================================================
Received Import Request.
  Time since last request: 0.000016 seconds.
  path: Assets/Scripts/Bullets/ProjectilePool.cs
  artifactKey: Guid(ede0fb515d45f2b4bb0f1921bbf096e6) Importer(2089858483,0ecaa5967403d082aa24f35e1b516d23)
Start importing Assets/Scripts/Bullets/ProjectilePool.cs using Guid(ede0fb515d45f2b4bb0f1921bbf096e6) Importer(2089858483,0ecaa5967403d082aa24f35e1b516d23) [PhysX] Initialized MultithreadedTaskDispatcher with 12 workers.
 -> (artifact id: 'fcd8b7a52c25c01b46f7cb3479c72c93') in 0.008273 seconds
Number of updated asset objects reloaded before import = 0
Number of asset objects unloaded after import = 1
========================================================================
Received Import Request.
  Time since last request: 0.000014 seconds.
  path: Assets/Scripts/Commons/EffectPoolContainer.cs
  artifactKey: Guid(4424fd3aa3b34e65b16bceb55b79f01a) Importer(2089858483,0ecaa5967403d082aa24f35e1b516d23)
Start importing Assets/Scripts/Commons/EffectPoolContainer.cs using Guid(4424fd3aa3b34e65b16bceb55b79f01a) Importer(2089858483,0ecaa5967403d082aa24f35e1b516d23) [PhysX] Initialized MultithreadedTaskDispatcher with 12 workers.
 -> (artifact id: 'f04a2ac3e890e27c655f42604ee4387f') in 0.008387 seconds
Number of updated asset objects reloaded before import = 0
Number of asset objects unloaded after import = 1
========================================================================
Received Import Request.
  Time since last request: 0.000019 seconds.
  path: Assets/Scripts/Bullets/Projectile.cs
  artifactKey: Guid(49ca9cb6b7f846ae81ae87e0dbed4643) Importer(2089858483,0ecaa5967403d082aa24f35e1b516d23)
Start importing Assets/Scripts/Bullets/Projectile.cs using Guid(49ca9cb6b7f846ae81ae87e0dbed4643) Importer(2089858483,0ecaa5967403d082aa24f35e1b516d23) [PhysX] Initialized MultithreadedTaskDispatcher with 12 workers.
 -> (artifact id: 'f47ffd309189bdca9adb06d27801bc62') in 0.007395 seconds
Number of updated asset objects reloaded before import = 0
Number of asset objects unloaded after import = 1
========================================================================
Received Import Request.
  Time since last request: 0.000015 seconds.
  path: Assets/TextMesh Pro/Shaders/TMP_SDF-Surface-Mobile.shader
  artifactKey: Guid(85187c2149c549c5b33f0cdb02836b17) Importer(2089858483,0ecaa5967403d082aa24f35e1b516d23)
Start importing Assets/TextMesh Pro/Shaders/TMP_SDF-Surface-Mobile.shader using Guid(85187c2149c549c5b33f0cdb02836b17) Importer(2089858483,0ecaa5967403d082aa24f35e1b516d23) [PhysX] Initialized MultithreadedTaskDispatcher with 12 workers.
 -> (artifact id: '5a569f9c73c22ff9b5746064cada17f9') in 0.009024 seconds
Number of updated asset objects reloaded before import = 0
Number of asset objects unloaded after import = 1
========================================================================
Received Import Request.
  Time since last request: 0.000013 seconds.
  path: Assets/Scripts/Legacy/Editor/TransmissionDataStyle.uss
  artifactKey: Guid(065c1aae578dc6349a69fd112c38094c) Importer(2089858483,0ecaa5967403d082aa24f35e1b516d23)
Start importing Assets/Scripts/Legacy/Editor/TransmissionDataStyle.uss using Guid(065c1aae578dc6349a69fd112c38094c) Importer(2089858483,0ecaa5967403d082aa24f35e1b516d23) [PhysX] Initialized MultithreadedTaskDispatcher with 12 workers.
 -> (artifact id: 'a35285de5e0986d15bf381efe2b018c1') in 0.009793 seconds
Number of updated asset objects reloaded before import = 0
Number of asset objects unloaded after import = 2
========================================================================
Received Import Request.
  Time since last request: 0.000017 seconds.
  path: Assets/Scripts/Editor/TransmissionSettingsEditor.cs
  artifactKey: Guid(463d87806e8b48ec94370c8259a49d83) Importer(2089858483,0ecaa5967403d082aa24f35e1b516d23)
Start importing Assets/Scripts/Editor/TransmissionSettingsEditor.cs using Guid(463d87806e8b48ec94370c8259a49d83) Importer(2089858483,0ecaa5967403d082aa24f35e1b516d23) [PhysX] Initialized MultithreadedTaskDispatcher with 12 workers.
 -> (artifact id: 'c5a6c0f75c0db8394e843208740c895e') in 0.008048 seconds
Number of updated asset objects reloaded before import = 0
Number of asset objects unloaded after import = 1
========================================================================
Received Import Request.
  Time since last request: 0.000016 seconds.
  path: Assets/Effects/Smoke/Materials/Textures/SmokeLoop.tif
  artifactKey: Guid(d1b932090277f37428c753cf27824d4a) Importer(2089858483,0ecaa5967403d082aa24f35e1b516d23)
Start importing Assets/Effects/Smoke/Materials/Textures/SmokeLoop.tif using Guid(d1b932090277f37428c753cf27824d4a) Importer(2089858483,0ecaa5967403d082aa24f35e1b516d23) [PhysX] Initialized MultithreadedTaskDispatcher with 12 workers.
 -> (artifact id: 'eeccaf0fdde1d7255c5ba07a87fdf501') in 0.014741 seconds
Number of updated asset objects reloaded before import = 0
Number of asset objects unloaded after import = 1
========================================================================
Received Import Request.
  Time since last request: 0.191910 seconds.
  path: Assets/Plugins/Zenject/Source/Editor/ZenUnityEditorUtil.cs
  artifactKey: Guid(f798e3a2f0079b840804c0516d265f03) Importer(2089858483,0ecaa5967403d082aa24f35e1b516d23)
Start importing Assets/Plugins/Zenject/Source/Editor/ZenUnityEditorUtil.cs using Guid(f798e3a2f0079b840804c0516d265f03) Importer(2089858483,0ecaa5967403d082aa24f35e1b516d23) [PhysX] Initialized MultithreadedTaskDispatcher with 12 workers.
 -> (artifact id: 'b648428bf24564f395cffab64d6f4b2a') in 0.010580 seconds
Number of updated asset objects reloaded before import = 0
Number of asset objects unloaded after import = 1
========================================================================
Received Import Request.
  Time since last request: 0.000017 seconds.
  path: Assets/Plugins/Zenject/Source/Runtime/InitializableManager.cs
  artifactKey: Guid(8e5838132ef34e14ea93d2e3b30b7140) Importer(2089858483,0ecaa5967403d082aa24f35e1b516d23)
Start importing Assets/Plugins/Zenject/Source/Runtime/InitializableManager.cs using Guid(8e5838132ef34e14ea93d2e3b30b7140) Importer(2089858483,0ecaa5967403d082aa24f35e1b516d23) [PhysX] Initialized MultithreadedTaskDispatcher with 12 workers.
 -> (artifact id: '036eade02aa00808a81d4b0bdf805252') in 0.009814 seconds
Number of updated asset objects reloaded before import = 0
Number of asset objects unloaded after import = 1
========================================================================
Received Import Request.
  Time since last request: 0.000018 seconds.
  path: Assets/Models/Tank/Materials/Textures/CTF_Elements/CTF_Elements_MetallicSmoothness.png
  artifactKey: Guid(94ba6fd0d2801f34c959053fd40c9335) Importer(2089858483,0ecaa5967403d082aa24f35e1b516d23)
Start importing Assets/Models/Tank/Materials/Textures/CTF_Elements/CTF_Elements_MetallicSmoothness.png using Guid(94ba6fd0d2801f34c959053fd40c9335) Importer(2089858483,0ecaa5967403d082aa24f35e1b516d23) [PhysX] Initialized MultithreadedTaskDispatcher with 12 workers.
 -> (artifact id: '286486578cf0d6585bd6374697c6e881') in 0.013516 seconds
Number of updated asset objects reloaded before import = 0
Number of asset objects unloaded after import = 1
========================================================================
Received Import Request.
  Time since last request: 0.000015 seconds.
  path: Assets/Plugins/Zenject/Source/Binding/Binders/ArgConditionCopyNonLazyBinder.cs
  artifactKey: Guid(d0eff25a90fc7a4479dbb9a1f74dddc2) Importer(2089858483,0ecaa5967403d082aa24f35e1b516d23)
Start importing Assets/Plugins/Zenject/Source/Binding/Binders/ArgConditionCopyNonLazyBinder.cs using Guid(d0eff25a90fc7a4479dbb9a1f74dddc2) Importer(2089858483,0ecaa5967403d082aa24f35e1b516d23) [PhysX] Initialized MultithreadedTaskDispatcher with 12 workers.
 -> (artifact id: '951637c06281409d409fc2d880a3dbfb') in 0.008657 seconds
Number of updated asset objects reloaded before import = 0
Number of asset objects unloaded after import = 1
========================================================================
Received Import Request.
  Time since last request: 0.000013 seconds.
  path: Assets/Plugins/Zenject/Source/Factories/PrefabResourceFactory.cs
  artifactKey: Guid(5fd50037209abd647b7ae7391717f015) Importer(2089858483,0ecaa5967403d082aa24f35e1b516d23)
Start importing Assets/Plugins/Zenject/Source/Factories/PrefabResourceFactory.cs using Guid(5fd50037209abd647b7ae7391717f015) Importer(2089858483,0ecaa5967403d082aa24f35e1b516d23) [PhysX] Initialized MultithreadedTaskDispatcher with 12 workers.
 -> (artifact id: '151f8c09ad25e59fa88b2f34892176a7') in 0.007751 seconds
Number of updated asset objects reloaded before import = 0
Number of asset objects unloaded after import = 1
========================================================================
Received Import Request.
  Time since last request: 0.000016 seconds.
  path: Assets/Plugins/Zenject/Source/Util/ZenjectException.cs
  artifactKey: Guid(60bbf1e064ae9674185f3f301957c914) Importer(2089858483,0ecaa5967403d082aa24f35e1b516d23)
Start importing Assets/Plugins/Zenject/Source/Util/ZenjectException.cs using Guid(60bbf1e064ae9674185f3f301957c914) Importer(2089858483,0ecaa5967403d082aa24f35e1b516d23) [PhysX] Initialized MultithreadedTaskDispatcher with 12 workers.
 -> (artifact id: '3b8fcd81bf0df1e8a7e7aec8c731d5f8') in 0.007802 seconds
Number of updated asset objects reloaded before import = 0
Number of asset objects unloaded after import = 1
========================================================================
Received Import Request.
  Time since last request: 0.000014 seconds.
  path: Assets/Plugins/Zenject/Source/Internal/Func.cs
  artifactKey: Guid(cf53ad544fd972d4eb4716fb02fb5e9e) Importer(2089858483,0ecaa5967403d082aa24f35e1b516d23)
Start importing Assets/Plugins/Zenject/Source/Internal/Func.cs using Guid(cf53ad544fd972d4eb4716fb02fb5e9e) Importer(2089858483,0ecaa5967403d082aa24f35e1b516d23) [PhysX] Initialized MultithreadedTaskDispatcher with 12 workers.
 -> (artifact id: 'ddbc0c3357b6b5cb53e5f85edfcffae1') in 0.008627 seconds
Number of updated asset objects reloaded before import = 0
Number of asset objects unloaded after import = 1
========================================================================
Received Import Request.
  Time since last request: 0.000015 seconds.
  path: Assets/Plugins/Zenject/Source/Main/LazyInstanceInjector.cs
  artifactKey: Guid(c7bd2a03033e83a4c9dab4d27166b412) Importer(2089858483,0ecaa5967403d082aa24f35e1b516d23)
Start importing Assets/Plugins/Zenject/Source/Main/LazyInstanceInjector.cs using Guid(c7bd2a03033e83a4c9dab4d27166b412) Importer(2089858483,0ecaa5967403d082aa24f35e1b516d23) [PhysX] Initialized MultithreadedTaskDispatcher with 12 workers.
 -> (artifact id: '290a482da6447cd41152ce6c35b98016') in 0.009719 seconds
Number of updated asset objects reloaded before import = 0
Number of asset objects unloaded after import = 1
========================================================================
Received Import Request.
  Time since last request: 0.000015 seconds.
  path: Assets/Plugins/Zenject/Source/Util/ValidationUtil.cs
  artifactKey: Guid(018820e0bcd9a4049a305127c0cf1407) Importer(2089858483,0ecaa5967403d082aa24f35e1b516d23)
Start importing Assets/Plugins/Zenject/Source/Util/ValidationUtil.cs using Guid(018820e0bcd9a4049a305127c0cf1407) Importer(2089858483,0ecaa5967403d082aa24f35e1b516d23) [PhysX] Initialized MultithreadedTaskDispatcher with 12 workers.
 -> (artifact id: '823be13660a4864755c796dd01dcefc1') in 0.009160 seconds
Number of updated asset objects reloaded before import = 0
Number of asset objects unloaded after import = 1
========================================================================
Received Import Request.
  Time since last request: 0.000015 seconds.
  path: Assets/Plugins/Zenject/Source/Providers/IProviderExtensions.cs
  artifactKey: Guid(2377e3000d1616e4d8cb29c183f216b4) Importer(2089858483,0ecaa5967403d082aa24f35e1b516d23)
Start importing Assets/Plugins/Zenject/Source/Providers/IProviderExtensions.cs using Guid(2377e3000d1616e4d8cb29c183f216b4) Importer(2089858483,0ecaa5967403d082aa24f35e1b516d23) [PhysX] Initialized MultithreadedTaskDispatcher with 12 workers.
 -> (artifact id: 'b3f9be5cb084ed11a0e99d102425158f') in 0.009419 seconds
Number of updated asset objects reloaded before import = 0
Number of asset objects unloaded after import = 1
========================================================================
Received Import Request.
  Time since last request: 0.000017 seconds.
  path: Assets/Plugins/Zenject/Source/Util/ExecutionOrderInstaller.cs
  artifactKey: Guid(cad41a65c3c0b0f46a659557b2d716e0) Importer(2089858483,0ecaa5967403d082aa24f35e1b516d23)
Start importing Assets/Plugins/Zenject/Source/Util/ExecutionOrderInstaller.cs using Guid(cad41a65c3c0b0f46a659557b2d716e0) Importer(2089858483,0ecaa5967403d082aa24f35e1b516d23) [PhysX] Initialized MultithreadedTaskDispatcher with 12 workers.
 -> (artifact id: '78bbfe920c89062161e43c8335bd82d7') in 0.009003 seconds
Number of updated asset objects reloaded before import = 0
Number of asset objects unloaded after import = 1
========================================================================
Received Import Request.
  Time since last request: 0.000015 seconds.
  path: Assets/Models/Tank/Materials/Textures/CTF_Elements/CTF_Elements_Mixed_AO.png
  artifactKey: Guid(6ef311f1940bd554f987a9617289c3ca) Importer(2089858483,0ecaa5967403d082aa24f35e1b516d23)
Start importing Assets/Models/Tank/Materials/Textures/CTF_Elements/CTF_Elements_Mixed_AO.png using Guid(6ef311f1940bd554f987a9617289c3ca) Importer(2089858483,0ecaa5967403d082aa24f35e1b516d23) [PhysX] Initialized MultithreadedTaskDispatcher with 12 workers.
 -> (artifact id: 'd4be072f7521f7cc0634ac53516e61d4') in 0.013408 seconds
Number of updated asset objects reloaded before import = 0
Number of asset objects unloaded after import = 1
========================================================================
Received Import Request.
  Time since last request: 0.000016 seconds.
  path: Assets/Plugins/Zenject/Source/Install/MonoInstallerBase.cs
  artifactKey: Guid(93d53e91e1ef3484a99feb7aa58f2b63) Importer(2089858483,0ecaa5967403d082aa24f35e1b516d23)
Start importing Assets/Plugins/Zenject/Source/Install/MonoInstallerBase.cs using Guid(93d53e91e1ef3484a99feb7aa58f2b63) Importer(2089858483,0ecaa5967403d082aa24f35e1b516d23) [PhysX] Initialized MultithreadedTaskDispatcher with 12 workers.
 -> (artifact id: '7b1124ba33b72addf048b1934be92c23') in 0.007625 seconds
Number of updated asset objects reloaded before import = 0
Number of asset objects unloaded after import = 1
========================================================================
Received Import Request.
  Time since last request: 0.000018 seconds.
  path: Assets/Plugins/Zenject/Source/Util/ZenjectSceneLoader.cs
  artifactKey: Guid(097ddf2608210fe44a9d215a1721d857) Importer(2089858483,0ecaa5967403d082aa24f35e1b516d23)
Start importing Assets/Plugins/Zenject/Source/Util/ZenjectSceneLoader.cs using Guid(097ddf2608210fe44a9d215a1721d857) Importer(2089858483,0ecaa5967403d082aa24f35e1b516d23) [PhysX] Initialized MultithreadedTaskDispatcher with 12 workers.
 -> (artifact id: '91cdb2a8933f15fdb3332b8e47211417') in 0.009843 seconds
Number of updated asset objects reloaded before import = 0
Number of asset objects unloaded after import = 1
========================================================================
Received Import Request.
  Time since last request: 0.000026 seconds.
  path: Assets/Plugins/Zenject/Source/Factories/PrefabFactory.cs
  artifactKey: Guid(39782cb4430018d459f5707002dff73c) Importer(2089858483,0ecaa5967403d082aa24f35e1b516d23)
Start importing Assets/Plugins/Zenject/Source/Factories/PrefabFactory.cs using Guid(39782cb4430018d459f5707002dff73c) Importer(2089858483,0ecaa5967403d082aa24f35e1b516d23) [PhysX] Initialized MultithreadedTaskDispatcher with 12 workers.
 -> (artifact id: 'e4ff8606a646dfd8b6363af1e3a76f81') in 0.007552 seconds
Number of updated asset objects reloaded before import = 0
Number of asset objects unloaded after import = 1
========================================================================
Received Import Request.
  Time since last request: 0.000016 seconds.
  path: Assets/Plugins/Zenject/Source/Factories/IFactory.cs
  artifactKey: Guid(62c651ad6c58c1140ac224dc6284fa5e) Importer(2089858483,0ecaa5967403d082aa24f35e1b516d23)
Start importing Assets/Plugins/Zenject/Source/Factories/IFactory.cs using Guid(62c651ad6c58c1140ac224dc6284fa5e) Importer(2089858483,0ecaa5967403d082aa24f35e1b516d23) [PhysX] Initialized MultithreadedTaskDispatcher with 12 workers.
 -> (artifact id: '252751c131a31d1a0519d8555c8fe7ea') in 0.010368 seconds
Number of updated asset objects reloaded before import = 0
Number of asset objects unloaded after import = 1
========================================================================
Received Import Request.
  Time since last request: 0.000019 seconds.
  path: Assets/Plugins/Zenject/Source/Runtime/GuiRenderableManager.cs
  artifactKey: Guid(5ca4a43d84d9d554080d313280363783) Importer(2089858483,0ecaa5967403d082aa24f35e1b516d23)
Start importing Assets/Plugins/Zenject/Source/Runtime/GuiRenderableManager.cs using Guid(5ca4a43d84d9d554080d313280363783) Importer(2089858483,0ecaa5967403d082aa24f35e1b516d23) [PhysX] Initialized MultithreadedTaskDispatcher with 12 workers.
 -> (artifact id: '1bf2e0da61b64b8737c7387238c6bf0d') in 0.010039 seconds
Number of updated asset objects reloaded before import = 0
Number of asset objects unloaded after import = 1
========================================================================
Received Import Request.
  Time since last request: 0.000014 seconds.
  path: Assets/Plugins/Zenject/Source/Install/ZenjectBinding.cs
  artifactKey: Guid(0166d8ff8d905b048b2448179e1f5d11) Importer(2089858483,0ecaa5967403d082aa24f35e1b516d23)
Start importing Assets/Plugins/Zenject/Source/Install/ZenjectBinding.cs using Guid(0166d8ff8d905b048b2448179e1f5d11) Importer(2089858483,0ecaa5967403d082aa24f35e1b516d23) [PhysX] Initialized MultithreadedTaskDispatcher with 12 workers.
 -> (artifact id: '353a06bb2b43ce04a910ed6e567f18cc') in 0.009961 seconds
Number of updated asset objects reloaded before import = 0
Number of asset objects unloaded after import = 1
========================================================================
Received Import Request.
  Time since last request: 0.000014 seconds.
  path: Assets/Plugins/Zenject/Source/Install/InstallerBase.cs
  artifactKey: Guid(d908209e11d07744483c5fea3b406f33) Importer(2089858483,0ecaa5967403d082aa24f35e1b516d23)
Start importing Assets/Plugins/Zenject/Source/Install/InstallerBase.cs using Guid(d908209e11d07744483c5fea3b406f33) Importer(2089858483,0ecaa5967403d082aa24f35e1b516d23) [PhysX] Initialized MultithreadedTaskDispatcher with 12 workers.
 -> (artifact id: '80c3c9de6a6c9fb93739f17c96694a05') in 0.009859 seconds
Number of updated asset objects reloaded before import = 0
Number of asset objects unloaded after import = 1
========================================================================
Received Import Request.
  Time since last request: 0.000048 seconds.
  path: Assets/Plugins/Zenject/Source/Install/ScriptableObjectInstaller.cs
  artifactKey: Guid(00b9d7602aaf02748aa93779bbf29799) Importer(2089858483,0ecaa5967403d082aa24f35e1b516d23)
Start importing Assets/Plugins/Zenject/Source/Install/ScriptableObjectInstaller.cs using Guid(00b9d7602aaf02748aa93779bbf29799) Importer(2089858483,0ecaa5967403d082aa24f35e1b516d23) [PhysX] Initialized MultithreadedTaskDispatcher with 12 workers.
 -> (artifact id: '158fd08f9f5f7b6bf66c59990b2233eb') in 0.010634 seconds
Number of updated asset objects reloaded before import = 0
Number of asset objects unloaded after import = 1
========================================================================
Received Import Request.
  Time since last request: 0.000016 seconds.
  path: Assets/Plugins/Zenject/Source/Binding/Binders/ConcreteIdArgConditionCopyNonLazyBinder.cs
  artifactKey: Guid(5803a20c252d8ae4498e79e8b3bb09e0) Importer(2089858483,0ecaa5967403d082aa24f35e1b516d23)
Start importing Assets/Plugins/Zenject/Source/Binding/Binders/ConcreteIdArgConditionCopyNonLazyBinder.cs using Guid(5803a20c252d8ae4498e79e8b3bb09e0) Importer(2089858483,0ecaa5967403d082aa24f35e1b516d23) [PhysX] Initialized MultithreadedTaskDispatcher with 12 workers.
 -> (artifact id: '32941f3a49567deab08820eaaef3c97d') in 0.011391 seconds
Number of updated asset objects reloaded before import = 0
Number of asset objects unloaded after import = 1
========================================================================
Received Import Request.
  Time since last request: 0.000022 seconds.
  path: Assets/Plugins/Zenject/Source/Injection/LazyInject.cs
  artifactKey: Guid(54883063c774a244c898edbc91b859a0) Importer(2089858483,0ecaa5967403d082aa24f35e1b516d23)
Start importing Assets/Plugins/Zenject/Source/Injection/LazyInject.cs using Guid(54883063c774a244c898edbc91b859a0) Importer(2089858483,0ecaa5967403d082aa24f35e1b516d23) [PhysX] Initialized MultithreadedTaskDispatcher with 12 workers.
 -> (artifact id: 'd6f9cd2f15de1731b054244eae31e137') in 0.010031 seconds
Number of updated asset objects reloaded before import = 0
Number of asset objects unloaded after import = 1
========================================================================
Received Import Request.
  Time since last request: 0.000015 seconds.
  path: Assets/Plugins/Zenject/Source/Internal/Assert.cs
  artifactKey: Guid(2968c9f42475ea146aec3ced9cbd99ad) Importer(2089858483,0ecaa5967403d082aa24f35e1b516d23)
Start importing Assets/Plugins/Zenject/Source/Internal/Assert.cs using Guid(2968c9f42475ea146aec3ced9cbd99ad) Importer(2089858483,0ecaa5967403d082aa24f35e1b516d23) [PhysX] Initialized MultithreadedTaskDispatcher with 12 workers.
 -> (artifact id: '8f02fde0170b8c2b78fc065d7ca6f2e8') in 0.011433 seconds
Number of updated asset objects reloaded before import = 0
Number of asset objects unloaded after import = 1
========================================================================
Received Import Request.
  Time since last request: 0.000017 seconds.
  path: Assets/Plugins/Zenject/Source/Providers/MethodProviderWithContainer.cs
  artifactKey: Guid(eb5886f51fc492043bf8d0cc8f4daa2e) Importer(2089858483,0ecaa5967403d082aa24f35e1b516d23)
Start importing Assets/Plugins/Zenject/Source/Providers/MethodProviderWithContainer.cs using Guid(eb5886f51fc492043bf8d0cc8f4daa2e) Importer(2089858483,0ecaa5967403d082aa24f35e1b516d23) [PhysX] Initialized MultithreadedTaskDispatcher with 12 workers.
 -> (artifact id: '2f368b2f58184ab1924a26b5717949ce') in 0.009341 seconds
Number of updated asset objects reloaded before import = 0
Number of asset objects unloaded after import = 1
========================================================================
Received Import Request.
  Time since last request: 0.000020 seconds.
  path: Assets/Plugins/Zenject/Source/Providers/InstanceProvider.cs
  artifactKey: Guid(1d3d5b3bdf966444099f2dfdf3a313fd) Importer(2089858483,0ecaa5967403d082aa24f35e1b516d23)
Start importing Assets/Plugins/Zenject/Source/Providers/InstanceProvider.cs using Guid(1d3d5b3bdf966444099f2dfdf3a313fd) Importer(2089858483,0ecaa5967403d082aa24f35e1b516d23) [PhysX] Initialized MultithreadedTaskDispatcher with 12 workers.
 -> (artifact id: '4eff196af0bc451300808e4fbddc8e86') in 0.009890 seconds
Number of updated asset objects reloaded before import = 0
Number of asset objects unloaded after import = 1
========================================================================
Received Import Request.
  Time since last request: 0.000015 seconds.
  path: Assets/Plugins/Zenject/Source/Main/BindingId.cs
  artifactKey: Guid(05e8238358230bf4e9cbb692280d28f1) Importer(2089858483,0ecaa5967403d082aa24f35e1b516d23)
Start importing Assets/Plugins/Zenject/Source/Main/BindingId.cs using Guid(05e8238358230bf4e9cbb692280d28f1) Importer(2089858483,0ecaa5967403d082aa24f35e1b516d23) [PhysX] Initialized MultithreadedTaskDispatcher with 12 workers.
 -> (artifact id: '24eb07fd36ae8776688d9e6bb25b8392') in 0.010059 seconds
Number of updated asset objects reloaded before import = 0
Number of asset objects unloaded after import = 1
========================================================================
Received Import Request.
  Time since last request: 0.000018 seconds.
  path: Assets/Plugins/Zenject/Source/Factories/PlaceholderFactory.cs
  artifactKey: Guid(665a56f53857092408155478e576cfd0) Importer(2089858483,0ecaa5967403d082aa24f35e1b516d23)
Start importing Assets/Plugins/Zenject/Source/Factories/PlaceholderFactory.cs using Guid(665a56f53857092408155478e576cfd0) Importer(2089858483,0ecaa5967403d082aa24f35e1b516d23) [PhysX] Initialized MultithreadedTaskDispatcher with 12 workers.
 -> (artifact id: 'fbaad8da98713451f84052beb68d41c4') in 0.009639 seconds
Number of updated asset objects reloaded before import = 0
Number of asset objects unloaded after import = 1
========================================================================
Received Import Request.
  Time since last request: 0.000018 seconds.
  path: Assets/Models/Tank/Materials/Textures/CTF_TankFree/CTF_TankFree_Mixed_AO.png
  artifactKey: Guid(aadde63c6542096468c3b75255690cc0) Importer(2089858483,0ecaa5967403d082aa24f35e1b516d23)
Start importing Assets/Models/Tank/Materials/Textures/CTF_TankFree/CTF_TankFree_Mixed_AO.png using Guid(aadde63c6542096468c3b75255690cc0) Importer(2089858483,0ecaa5967403d082aa24f35e1b516d23) [PhysX] Initialized MultithreadedTaskDispatcher with 12 workers.
 -> (artifact id: '3fa39ccde0a390a3b08077df7e3a1193') in 0.014880 seconds
Number of updated asset objects reloaded before import = 0
Number of asset objects unloaded after import = 1
========================================================================
Received Import Request.
  Time since last request: 0.000042 seconds.
  path: Assets/Plugins/Zenject/Source/Util/ProfileTimers.cs
  artifactKey: Guid(81cad1ee2d8c20942a68a4228e09ff1d) Importer(2089858483,0ecaa5967403d082aa24f35e1b516d23)
Start importing Assets/Plugins/Zenject/Source/Util/ProfileTimers.cs using Guid(81cad1ee2d8c20942a68a4228e09ff1d) Importer(2089858483,0ecaa5967403d082aa24f35e1b516d23) [PhysX] Initialized MultithreadedTaskDispatcher with 12 workers.
 -> (artifact id: 'af63fa1fb05a598036b3c34dbf848455') in 0.007728 seconds
Number of updated asset objects reloaded before import = 0
Number of asset objects unloaded after import = 1
========================================================================
Received Import Request.
  Time since last request: 0.000017 seconds.
  path: Assets/Plugins/Zenject/Source/Providers/MethodProviderSimple.cs
  artifactKey: Guid(eee2b774c35c53641b09b0c1e9620e03) Importer(2089858483,0ecaa5967403d082aa24f35e1b516d23)
Start importing Assets/Plugins/Zenject/Source/Providers/MethodProviderSimple.cs using Guid(eee2b774c35c53641b09b0c1e9620e03) Importer(2089858483,0ecaa5967403d082aa24f35e1b516d23) [PhysX] Initialized MultithreadedTaskDispatcher with 12 workers.
 -> (artifact id: '18ac62932d18f9beade07241bda44285') in 0.009853 seconds
Number of updated asset objects reloaded before import = 0
Number of asset objects unloaded after import = 1
========================================================================
Received Import Request.
  Time since last request: 0.000016 seconds.
  path: Assets/Plugins/Zenject/Source/Util/ReflectionTypeInfo.cs
  artifactKey: Guid(5490313f008f146458b6228165838735) Importer(2089858483,0ecaa5967403d082aa24f35e1b516d23)
Start importing Assets/Plugins/Zenject/Source/Util/ReflectionTypeInfo.cs using Guid(5490313f008f146458b6228165838735) Importer(2089858483,0ecaa5967403d082aa24f35e1b516d23) [PhysX] Initialized MultithreadedTaskDispatcher with 12 workers.
 -> (artifact id: '110826f0a51aa432325dbccc586a580d') in 0.011030 seconds
Number of updated asset objects reloaded before import = 0
Number of asset objects unloaded after import = 1
========================================================================
Received Import Request.
  Time since last request: 0.000018 seconds.
  path: Assets/Plugins/Zenject/Source/Providers/PoolableMemoryPoolProvider.cs
  artifactKey: Guid(6857585e55699ab4da01454c662e0e3b) Importer(2089858483,0ecaa5967403d082aa24f35e1b516d23)
Start importing Assets/Plugins/Zenject/Source/Providers/PoolableMemoryPoolProvider.cs using Guid(6857585e55699ab4da01454c662e0e3b) Importer(2089858483,0ecaa5967403d082aa24f35e1b516d23) [PhysX] Initialized MultithreadedTaskDispatcher with 12 workers.
 -> (artifact id: '7d4f92e3a42ed9dd1a411eba8cdb0adc') in 0.010763 seconds
Number of updated asset objects reloaded before import = 0
Number of asset objects unloaded after import = 1
========================================================================
Received Import Request.
  Time since last request: 0.000014 seconds.
  path: Assets/Plugins/Zenject/Source/Util/ZenReflectionTypeAnalyzer.cs
  artifactKey: Guid(046b222c5a2e0994cb5c424ed912f808) Importer(2089858483,0ecaa5967403d082aa24f35e1b516d23)
Start importing Assets/Plugins/Zenject/Source/Util/ZenReflectionTypeAnalyzer.cs using Guid(046b222c5a2e0994cb5c424ed912f808) Importer(2089858483,0ecaa5967403d082aa24f35e1b516d23) [PhysX] Initialized MultithreadedTaskDispatcher with 12 workers.
 -> (artifact id: '7792c721dc8e04d56fb115b790e8ea88') in 0.010766 seconds
Number of updated asset objects reloaded before import = 0
Number of asset objects unloaded after import = 1
========================================================================
Received Import Request.
  Time since last request: 0.000019 seconds.
  path: Assets/Plugins/Zenject/Source/Providers/CachedOpenTypeProvider.cs
  artifactKey: Guid(4a09a4770eaace44a84d9d627f0bd161) Importer(2089858483,0ecaa5967403d082aa24f35e1b516d23)
Start importing Assets/Plugins/Zenject/Source/Providers/CachedOpenTypeProvider.cs using Guid(4a09a4770eaace44a84d9d627f0bd161) Importer(2089858483,0ecaa5967403d082aa24f35e1b516d23) [PhysX] Initialized MultithreadedTaskDispatcher with 12 workers.
 -> (artifact id: '0be29f7748a4e92ab48c194358b46953') in 0.011153 seconds
Number of updated asset objects reloaded before import = 0
Number of asset objects unloaded after import = 1
========================================================================
Received Import Request.
  Time since last request: 0.145899 seconds.
  path: Assets/Plugins/Zenject/Source/Binding/Binders/DefaultParentScopeConcreteIdArgConditionCopyNonLazyBinder.cs
  artifactKey: Guid(f6b4e164706b85c408cd7e8f28266747) Importer(2089858483,0ecaa5967403d082aa24f35e1b516d23)
Start importing Assets/Plugins/Zenject/Source/Binding/Binders/DefaultParentScopeConcreteIdArgConditionCopyNonLazyBinder.cs using Guid(f6b4e164706b85c408cd7e8f28266747) Importer(2089858483,0ecaa5967403d082aa24f35e1b516d23) [PhysX] Initialized MultithreadedTaskDispatcher with 12 workers.
 -> (artifact id: 'b84bcea1002b448640c2bf6a02cbb4ec') in 0.011501 seconds
Number of updated asset objects reloaded before import = 0
Number of asset objects unloaded after import = 1
========================================================================
Received Import Request.
  Time since last request: 0.000017 seconds.
  path: Assets/Plugins/Zenject/Source/Factories/Pooling/PoolFactory.cs
  artifactKey: Guid(125bde4ab63a4984484c450640ee1702) Importer(2089858483,0ecaa5967403d082aa24f35e1b516d23)
Start importing Assets/Plugins/Zenject/Source/Factories/Pooling/PoolFactory.cs using Guid(125bde4ab63a4984484c450640ee1702) Importer(2089858483,0ecaa5967403d082aa24f35e1b516d23) [PhysX] Initialized MultithreadedTaskDispatcher with 12 workers.
 -> (artifact id: '87d234a158441491f9460ab06f50c737') in 0.011326 seconds
Number of updated asset objects reloaded before import = 0
Number of asset objects unloaded after import = 1
========================================================================
Received Import Request.
  Time since last request: 0.000018 seconds.
  path: Assets/Plugins/Zenject/Source/Binding/Binders/Factory/FactoryFromBinder/FactoryFromBinder10.cs
  artifactKey: Guid(d835e30b6131d754e892d6f397e9921a) Importer(2089858483,0ecaa5967403d082aa24f35e1b516d23)
Start importing Assets/Plugins/Zenject/Source/Binding/Binders/Factory/FactoryFromBinder/FactoryFromBinder10.cs using Guid(d835e30b6131d754e892d6f397e9921a) Importer(2089858483,0ecaa5967403d082aa24f35e1b516d23) [PhysX] Initialized MultithreadedTaskDispatcher with 12 workers.
 -> (artifact id: 'db6aefe87a121b69c78d9355db65ee3f') in 0.010408 seconds
Number of updated asset objects reloaded before import = 0
Number of asset objects unloaded after import = 1
========================================================================
Received Import Request.
  Time since last request: 0.000016 seconds.
  path: Assets/Plugins/Zenject/Source/Providers/SubContainerCreators/SubContainerCreatorByInstance.cs
  artifactKey: Guid(1ea58c024bbd4e846be07059bf23c524) Importer(2089858483,0ecaa5967403d082aa24f35e1b516d23)
Start importing Assets/Plugins/Zenject/Source/Providers/SubContainerCreators/SubContainerCreatorByInstance.cs using Guid(1ea58c024bbd4e846be07059bf23c524) Importer(2089858483,0ecaa5967403d082aa24f35e1b516d23) [PhysX] Initialized MultithreadedTaskDispatcher with 12 workers.
 -> (artifact id: '56f3d4b33bb474d12c7ba8acabec5d44') in 0.009727 seconds
Number of updated asset objects reloaded before import = 0
Number of asset objects unloaded after import = 1
========================================================================
Received Import Request.
  Time since last request: 0.000014 seconds.
  path: Assets/Plugins/Zenject/Source/Binding/Binders/WithKernelDefaultParentScopeConcreteIdArgConditionCopyNonLazyBinder.cs
  artifactKey: Guid(4690c1b02bdf3d34998b8a505c85b1b2) Importer(2089858483,0ecaa5967403d082aa24f35e1b516d23)
Start importing Assets/Plugins/Zenject/Source/Binding/Binders/WithKernelDefaultParentScopeConcreteIdArgConditionCopyNonLazyBinder.cs using Guid(4690c1b02bdf3d34998b8a505c85b1b2) Importer(2089858483,0ecaa5967403d082aa24f35e1b516d23) [PhysX] Initialized MultithreadedTaskDispatcher with 12 workers.
 -> (artifact id: '81a51639e714bf935024c14d142a2b28') in 0.009124 seconds
Number of updated asset objects reloaded before import = 0
Number of asset objects unloaded after import = 1
========================================================================
Received Import Request.
  Time since last request: 0.000015 seconds.
  path: Assets/Plugins/Zenject/Source/Binding/Binders/IfNotBoundBinder.cs
  artifactKey: Guid(b9f24b7d14dcf8441a1c2b4166a5ec9c) Importer(2089858483,0ecaa5967403d082aa24f35e1b516d23)
Start importing Assets/Plugins/Zenject/Source/Binding/Binders/IfNotBoundBinder.cs using Guid(b9f24b7d14dcf8441a1c2b4166a5ec9c) Importer(2089858483,0ecaa5967403d082aa24f35e1b516d23) [PhysX] Initialized MultithreadedTaskDispatcher with 12 workers.
 -> (artifact id: '9b8f53cec6e15e4ed45ca5c46ab5f59f') in 0.009348 seconds
Number of updated asset objects reloaded before import = 0
Number of asset objects unloaded after import = 1
========================================================================
Received Import Request.
  Time since last request: 0.000016 seconds.
  path: Assets/Plugins/Zenject/Source/Binding/BindInfo/BindInfo.cs
  artifactKey: Guid(647e28e377c50e549b443131ce6163fc) Importer(2089858483,0ecaa5967403d082aa24f35e1b516d23)
Start importing Assets/Plugins/Zenject/Source/Binding/BindInfo/BindInfo.cs using Guid(647e28e377c50e549b443131ce6163fc) Importer(2089858483,0ecaa5967403d082aa24f35e1b516d23) [PhysX] Initialized MultithreadedTaskDispatcher with 12 workers.
 -> (artifact id: '3fe96d708da9ed18bef507ecc9061b9b') in 0.009390 seconds
Number of updated asset objects reloaded before import = 0
Number of asset objects unloaded after import = 1
========================================================================
Received Import Request.
  Time since last request: 0.000023 seconds.
  path: Assets/Plugins/Zenject/Source/Binding/Binders/Factory/FactoryToChoiceBinder/FactoryToChoiceBinder6.cs
  artifactKey: Guid(4c738f3e9159a7e4f8450de246530f96) Importer(2089858483,0ecaa5967403d082aa24f35e1b516d23)
Start importing Assets/Plugins/Zenject/Source/Binding/Binders/Factory/FactoryToChoiceBinder/FactoryToChoiceBinder6.cs using Guid(4c738f3e9159a7e4f8450de246530f96) Importer(2089858483,0ecaa5967403d082aa24f35e1b516d23) [PhysX] Initialized MultithreadedTaskDispatcher with 12 workers.
 -> (artifact id: 'cd35acd1911628aaf638d9bc9ebf1934') in 0.009325 seconds
Number of updated asset objects reloaded before import = 0
Number of asset objects unloaded after import = 1
========================================================================
Received Import Request.
  Time since last request: 0.000016 seconds.
  path: Assets/Plugins/Zenject/Source/Binding/Binders/FromBinders/FromBinder.cs
  artifactKey: Guid(1bfe8c7cab3320b4a818fbb97098fb11) Importer(2089858483,0ecaa5967403d082aa24f35e1b516d23)
Start importing Assets/Plugins/Zenject/Source/Binding/Binders/FromBinders/FromBinder.cs using Guid(1bfe8c7cab3320b4a818fbb97098fb11) Importer(2089858483,0ecaa5967403d082aa24f35e1b516d23) [PhysX] Initialized MultithreadedTaskDispatcher with 12 workers.
 -> (artifact id: '5949b34fffdcac4d498b5b9c7a6bf89a') in 0.010309 seconds
Number of updated asset objects reloaded before import = 0
Number of asset objects unloaded after import = 1
========================================================================
Received Import Request.
  Time since last request: 0.000016 seconds.
  path: Assets/Plugins/Zenject/Source/Providers/SubContainerCreators/SubContainerCreatorUtil.cs
  artifactKey: Guid(c07a01bd5fbd00d43a50854896a92472) Importer(2089858483,0ecaa5967403d082aa24f35e1b516d23)
Start importing Assets/Plugins/Zenject/Source/Providers/SubContainerCreators/SubContainerCreatorUtil.cs using Guid(c07a01bd5fbd00d43a50854896a92472) Importer(2089858483,0ecaa5967403d082aa24f35e1b516d23) [PhysX] Initialized MultithreadedTaskDispatcher with 12 workers.
 -> (artifact id: 'e0a9e74179b1fa1707389df664fccfe3') in 0.010105 seconds
Number of updated asset objects reloaded before import = 0
Number of asset objects unloaded after import = 1
========================================================================
Received Import Request.
  Time since last request: 0.000013 seconds.
  path: Assets/Plugins/Zenject/Source/Providers/ComponentProviders/InstantiateOnPrefabComponentProvider.cs
  artifactKey: Guid(e6836adf19243a045ba39e67ade6dd59) Importer(2089858483,0ecaa5967403d082aa24f35e1b516d23)
Start importing Assets/Plugins/Zenject/Source/Providers/ComponentProviders/InstantiateOnPrefabComponentProvider.cs using Guid(e6836adf19243a045ba39e67ade6dd59) Importer(2089858483,0ecaa5967403d082aa24f35e1b516d23) [PhysX] Initialized MultithreadedTaskDispatcher with 12 workers.
 -> (artifact id: '6840efc20b7e2962196821322e9d377e') in 0.009453 seconds
Number of updated asset objects reloaded before import = 0
Number of asset objects unloaded after import = 1
========================================================================
Received Import Request.
  Time since last request: 0.000015 seconds.
  path: Assets/Plugins/Zenject/Source/Binding/Binders/ConcreteBinders/ConcreteIdBinderGeneric.cs
  artifactKey: Guid(358cdf402ef00ff40ac81f3bbe7018f0) Importer(2089858483,0ecaa5967403d082aa24f35e1b516d23)
Start importing Assets/Plugins/Zenject/Source/Binding/Binders/ConcreteBinders/ConcreteIdBinderGeneric.cs using Guid(358cdf402ef00ff40ac81f3bbe7018f0) Importer(2089858483,0ecaa5967403d082aa24f35e1b516d23) [PhysX] Initialized MultithreadedTaskDispatcher with 12 workers.
 -> (artifact id: '839b344464ddc079c91f5a3ddd22856a') in 0.009486 seconds
Number of updated asset objects reloaded before import = 0
Number of asset objects unloaded after import = 1
========================================================================
Received Import Request.
  Time since last request: 0.000016 seconds.
  path: Assets/Plugins/Zenject/Source/Providers/PrefabProviders/IPrefabProvider.cs
  artifactKey: Guid(3b63b8088376c9a499e7f506a237392d) Importer(2089858483,0ecaa5967403d082aa24f35e1b516d23)
Start importing Assets/Plugins/Zenject/Source/Providers/PrefabProviders/IPrefabProvider.cs using Guid(3b63b8088376c9a499e7f506a237392d) Importer(2089858483,0ecaa5967403d082aa24f35e1b516d23) [PhysX] Initialized MultithreadedTaskDispatcher with 12 workers.
 -> (artifact id: '4c2c9778d0ccd7934195322b484ab7ac') in 0.010202 seconds
Number of updated asset objects reloaded before import = 0
Number of asset objects unloaded after import = 1
========================================================================
Received Import Request.
  Time since last request: 0.000016 seconds.
  path: Assets/Plugins/Zenject/Source/Binding/Binders/WithKernelScopeConcreteIdArgConditionCopyNonLazyBinder.cs
  artifactKey: Guid(6447473513963f742b7ab3c02ec633a8) Importer(2089858483,0ecaa5967403d082aa24f35e1b516d23)
Start importing Assets/Plugins/Zenject/Source/Binding/Binders/WithKernelScopeConcreteIdArgConditionCopyNonLazyBinder.cs using Guid(6447473513963f742b7ab3c02ec633a8) Importer(2089858483,0ecaa5967403d082aa24f35e1b516d23) [PhysX] Initialized MultithreadedTaskDispatcher with 12 workers.
 -> (artifact id: 'ea6e3bc8ac82745426ee4ba6033237b3') in 0.009981 seconds
Number of updated asset objects reloaded before import = 0
Number of asset objects unloaded after import = 1
========================================================================
Received Import Request.
  Time since last request: 0.000017 seconds.
  path: Assets/Plugins/Zenject/Source/Binding/BindInfo/BindStatement.cs
  artifactKey: Guid(63a8f1068d150404f820c8cc9057dbc8) Importer(2089858483,0ecaa5967403d082aa24f35e1b516d23)
Start importing Assets/Plugins/Zenject/Source/Binding/BindInfo/BindStatement.cs using Guid(63a8f1068d150404f820c8cc9057dbc8) Importer(2089858483,0ecaa5967403d082aa24f35e1b516d23) [PhysX] Initialized MultithreadedTaskDispatcher with 12 workers.
 -> (artifact id: 'cbf623f4b02d4011cec38819228913c6') in 0.010345 seconds
Number of updated asset objects reloaded before import = 0
Number of asset objects unloaded after import = 1
========================================================================
Received Import Request.
  Time since last request: 0.000016 seconds.
  path: Assets/Plugins/Zenject/Source/Binding/Binders/IdBinder.cs
  artifactKey: Guid(371e1c0b9a8ff664f993cbe2a547eeae) Importer(2089858483,0ecaa5967403d082aa24f35e1b516d23)
Start importing Assets/Plugins/Zenject/Source/Binding/Binders/IdBinder.cs using Guid(371e1c0b9a8ff664f993cbe2a547eeae) Importer(2089858483,0ecaa5967403d082aa24f35e1b516d23) [PhysX] Initialized MultithreadedTaskDispatcher with 12 workers.
 -> (artifact id: '23a631adc6918f2a09bbb489231367dd') in 0.010438 seconds
Number of updated asset objects reloaded before import = 0
Number of asset objects unloaded after import = 1
========================================================================
Received Import Request.
  Time since last request: 0.000014 seconds.
  path: Assets/Plugins/Zenject/Source/Runtime/AnimatorInterfaces/AnimatorInstaller.cs
  artifactKey: Guid(f4cbf7c6883911843ae4a64582422dda) Importer(2089858483,0ecaa5967403d082aa24f35e1b516d23)
Start importing Assets/Plugins/Zenject/Source/Runtime/AnimatorInterfaces/AnimatorInstaller.cs using Guid(f4cbf7c6883911843ae4a64582422dda) Importer(2089858483,0ecaa5967403d082aa24f35e1b516d23) [PhysX] Initialized MultithreadedTaskDispatcher with 12 workers.
 -> (artifact id: '1ea47ef24eaaae7ffc690891186b19af') in 0.009823 seconds
Number of updated asset objects reloaded before import = 0
Number of asset objects unloaded after import = 1
========================================================================
Received Import Request.
  Time since last request: 0.000047 seconds.
  path: Assets/Plugins/Zenject/Source/Factories/Pooling/Util/DictionaryPool.cs
  artifactKey: Guid(031a0490d1684424e9e33b22106cb178) Importer(2089858483,0ecaa5967403d082aa24f35e1b516d23)
Start importing Assets/Plugins/Zenject/Source/Factories/Pooling/Util/DictionaryPool.cs using Guid(031a0490d1684424e9e33b22106cb178) Importer(2089858483,0ecaa5967403d082aa24f35e1b516d23) [PhysX] Initialized MultithreadedTaskDispatcher with 12 workers.
 -> (artifact id: 'fe8e117fba4d6a1731927e9390dc9eda') in 0.008906 seconds
Number of updated asset objects reloaded before import = 0
Number of asset objects unloaded after import = 1
========================================================================
Received Import Request.
  Time since last request: 0.000015 seconds.
  path: Assets/Plugins/Zenject/Source/Editor/Editors/GameObjectContextEditor.cs
  artifactKey: Guid(b0873c763efd1e94fb3a56ff80843cf1) Importer(2089858483,0ecaa5967403d082aa24f35e1b516d23)
Start importing Assets/Plugins/Zenject/Source/Editor/Editors/GameObjectContextEditor.cs using Guid(b0873c763efd1e94fb3a56ff80843cf1) Importer(2089858483,0ecaa5967403d082aa24f35e1b516d23) [PhysX] Initialized MultithreadedTaskDispatcher with 12 workers.
 -> (artifact id: 'fb1a678a78e67bf743b8125b729d773a') in 0.010077 seconds
Number of updated asset objects reloaded before import = 0
Number of asset objects unloaded after import = 1
========================================================================
Received Import Request.
  Time since last request: 0.000013 seconds.
  path: Assets/Plugins/Zenject/Source/Binding/Binders/Factory/FactoryToChoiceIdBinder/FactoryToChoiceIdBinder10.cs
  artifactKey: Guid(3e0b2700788fac54698446fcfad2b705) Importer(2089858483,0ecaa5967403d082aa24f35e1b516d23)
Start importing Assets/Plugins/Zenject/Source/Binding/Binders/Factory/FactoryToChoiceIdBinder/FactoryToChoiceIdBinder10.cs using Guid(3e0b2700788fac54698446fcfad2b705) Importer(2089858483,0ecaa5967403d082aa24f35e1b516d23) [PhysX] Initialized MultithreadedTaskDispatcher with 12 workers.
 -> (artifact id: 'e02c4ef0476beb77ca0d06429872fece') in 0.009593 seconds
Number of updated asset objects reloaded before import = 0
Number of asset objects unloaded after import = 1
========================================================================
Received Import Request.
  Time since last request: 0.000016 seconds.
  path: Assets/Plugins/Zenject/Source/Binding/Finalizers/SubContainerBindingFinalizer.cs
  artifactKey: Guid(b263fb784fd4b8140b850ff4d68c7aad) Importer(2089858483,0ecaa5967403d082aa24f35e1b516d23)
Start importing Assets/Plugins/Zenject/Source/Binding/Finalizers/SubContainerBindingFinalizer.cs using Guid(b263fb784fd4b8140b850ff4d68c7aad) Importer(2089858483,0ecaa5967403d082aa24f35e1b516d23) [PhysX] Initialized MultithreadedTaskDispatcher with 12 workers.
 -> (artifact id: '497e3e66c358b26cc51db89e2114af52') in 0.010135 seconds
Number of updated asset objects reloaded before import = 0
Number of asset objects unloaded after import = 1
========================================================================
Received Import Request.
  Time since last request: 0.000016 seconds.
  path: Assets/Plugins/Zenject/Source/Factories/Pooling/MonoPoolableMemoryPool.cs
  artifactKey: Guid(5475433f41ca61c4a9095affbf60b848) Importer(2089858483,0ecaa5967403d082aa24f35e1b516d23)
Start importing Assets/Plugins/Zenject/Source/Factories/Pooling/MonoPoolableMemoryPool.cs using Guid(5475433f41ca61c4a9095affbf60b848) Importer(2089858483,0ecaa5967403d082aa24f35e1b516d23) [PhysX] Initialized MultithreadedTaskDispatcher with 12 workers.
 -> (artifact id: '97520d940fb836d8b68cf445258c65dc') in 0.009922 seconds
Number of updated asset objects reloaded before import = 0
Number of asset objects unloaded after import = 1
========================================================================
Received Import Request.
  Time since last request: 0.000017 seconds.
  path: Assets/Plugins/Zenject/Source/Factories/Pooling/MemoryPool.cs
  artifactKey: Guid(305d88c8b2af3f2479cb45ffb6f2923c) Importer(2089858483,0ecaa5967403d082aa24f35e1b516d23)
Start importing Assets/Plugins/Zenject/Source/Factories/Pooling/MemoryPool.cs using Guid(305d88c8b2af3f2479cb45ffb6f2923c) Importer(2089858483,0ecaa5967403d082aa24f35e1b516d23) [PhysX] Initialized MultithreadedTaskDispatcher with 12 workers.
 -> (artifact id: 'dcab53b85311c090f5030a9e1d1bd0f9') in 0.009501 seconds
Number of updated asset objects reloaded before import = 0
Number of asset objects unloaded after import = 1
========================================================================
Received Import Request.
  Time since last request: 0.000019 seconds.
  path: Assets/Plugins/Zenject/Source/Editor/EditorWindow/ZenjectEditorWindow.cs
  artifactKey: Guid(bc25e694ccedbed4893d980ee61d1c8f) Importer(2089858483,0ecaa5967403d082aa24f35e1b516d23)
Start importing Assets/Plugins/Zenject/Source/Editor/EditorWindow/ZenjectEditorWindow.cs using Guid(bc25e694ccedbed4893d980ee61d1c8f) Importer(2089858483,0ecaa5967403d082aa24f35e1b516d23) [PhysX] Initialized MultithreadedTaskDispatcher with 12 workers.
 -> (artifact id: '1813e39bf9ae43d9d187190891680afd') in 0.009278 seconds
Number of updated asset objects reloaded before import = 0
Number of asset objects unloaded after import = 1
========================================================================
Received Import Request.
  Time since last request: 0.000018 seconds.
  path: Assets/Plugins/Zenject/Source/Providers/ComponentProviders/AddToGameObjectComponentProviders/AddToCurrentGameObjectComponentProvider.cs
  artifactKey: Guid(3b0521d85aeb9ee479dcb29ef4d88547) Importer(2089858483,0ecaa5967403d082aa24f35e1b516d23)
Start importing Assets/Plugins/Zenject/Source/Providers/ComponentProviders/AddToGameObjectComponentProviders/AddToCurrentGameObjectComponentProvider.cs using Guid(3b0521d85aeb9ee479dcb29ef4d88547) Importer(2089858483,0ecaa5967403d082aa24f35e1b516d23) [PhysX] Initialized MultithreadedTaskDispatcher with 12 workers.
 -> (artifact id: 'c1078f3c889ed857a91c7cbd4a23dda3') in 0.009618 seconds
Number of updated asset objects reloaded before import = 0
Number of asset objects unloaded after import = 1
========================================================================
Received Import Request.
  Time since last request: 0.000015 seconds.
  path: Assets/Plugins/Zenject/Source/Binding/Binders/FromBinders/FromBinderGeneric.cs
  artifactKey: Guid(97eaa55248b4c824a887df4db7cf888d) Importer(2089858483,0ecaa5967403d082aa24f35e1b516d23)
Start importing Assets/Plugins/Zenject/Source/Binding/Binders/FromBinders/FromBinderGeneric.cs using Guid(97eaa55248b4c824a887df4db7cf888d) Importer(2089858483,0ecaa5967403d082aa24f35e1b516d23) [PhysX] Initialized MultithreadedTaskDispatcher with 12 workers.
 -> (artifact id: '8f8f80d47a5b13851a1ab9efd575d40d') in 0.009828 seconds
Number of updated asset objects reloaded before import = 0
Number of asset objects unloaded after import = 1
========================================================================
Received Import Request.
  Time since last request: 0.000014 seconds.
  path: Assets/Plugins/Zenject/Source/Runtime/Kernels/MonoKernel.cs
  artifactKey: Guid(0ed09ac17d1c3ca44b8064ce22ebba27) Importer(2089858483,0ecaa5967403d082aa24f35e1b516d23)
Start importing Assets/Plugins/Zenject/Source/Runtime/Kernels/MonoKernel.cs using Guid(0ed09ac17d1c3ca44b8064ce22ebba27) Importer(2089858483,0ecaa5967403d082aa24f35e1b516d23) [PhysX] Initialized MultithreadedTaskDispatcher with 12 workers.
 -> (artifact id: '6a0dd60f8fb1393c551237b2566a7ef4') in 0.009603 seconds
Number of updated asset objects reloaded before import = 0
Number of asset objects unloaded after import = 1
========================================================================
Received Import Request.
  Time since last request: 0.000015 seconds.
  path: Assets/Plugins/Zenject/Source/Binding/Binders/Factory/FactoryToChoiceBinder/FactoryToChoiceBinder10.cs
  artifactKey: Guid(4cdcd151f6d139642b7a2a6968c6ebd8) Importer(2089858483,0ecaa5967403d082aa24f35e1b516d23)
Start importing Assets/Plugins/Zenject/Source/Binding/Binders/Factory/FactoryToChoiceBinder/FactoryToChoiceBinder10.cs using Guid(4cdcd151f6d139642b7a2a6968c6ebd8) Importer(2089858483,0ecaa5967403d082aa24f35e1b516d23) [PhysX] Initialized MultithreadedTaskDispatcher with 12 workers.
 -> (artifact id: '3b2c4c922ad2b3efc7d1bc1feac50b9e') in 0.009162 seconds
Number of updated asset objects reloaded before import = 0
Number of asset objects unloaded after import = 1
========================================================================
Received Import Request.
  Time since last request: 0.000016 seconds.
  path: Assets/Plugins/Zenject/Source/Binding/Binders/Factory/FactoryToChoiceBinder/FactoryToChoiceBinder4.cs
  artifactKey: Guid(fee2c810a2ee8d2489a6a29177b48d82) Importer(2089858483,0ecaa5967403d082aa24f35e1b516d23)
Start importing Assets/Plugins/Zenject/Source/Binding/Binders/Factory/FactoryToChoiceBinder/FactoryToChoiceBinder4.cs using Guid(fee2c810a2ee8d2489a6a29177b48d82) Importer(2089858483,0ecaa5967403d082aa24f35e1b516d23) [PhysX] Initialized MultithreadedTaskDispatcher with 12 workers.
 -> (artifact id: 'aa3b898897bbde5e856d29dd1dbc3ce0') in 0.009282 seconds
Number of updated asset objects reloaded before import = 0
Number of asset objects unloaded after import = 1
========================================================================
Received Import Request.
  Time since last request: 0.000020 seconds.
  path: Assets/Plugins/Zenject/Source/Binding/Finalizers/SubContainerPrefabBindingFinalizer.cs
  artifactKey: Guid(da4cb0f689a9b074aa3d2f2da8b38015) Importer(2089858483,0ecaa5967403d082aa24f35e1b516d23)
Start importing Assets/Plugins/Zenject/Source/Binding/Finalizers/SubContainerPrefabBindingFinalizer.cs using Guid(da4cb0f689a9b074aa3d2f2da8b38015) Importer(2089858483,0ecaa5967403d082aa24f35e1b516d23) [PhysX] Initialized MultithreadedTaskDispatcher with 12 workers.
 -> (artifact id: '03adc00b80714329e490d14d92b31f07') in 0.009963 seconds
Number of updated asset objects reloaded before import = 0
Number of asset objects unloaded after import = 1
========================================================================
Received Import Request.
  Time since last request: 0.000014 seconds.
  path: Assets/Plugins/Zenject/Source/Binding/Binders/ConcreteBinders/ConcreteBinderGeneric.cs
  artifactKey: Guid(62ec581e8d820a74797d1dabf19d85c3) Importer(2089858483,0ecaa5967403d082aa24f35e1b516d23)
Start importing Assets/Plugins/Zenject/Source/Binding/Binders/ConcreteBinders/ConcreteBinderGeneric.cs using Guid(62ec581e8d820a74797d1dabf19d85c3) Importer(2089858483,0ecaa5967403d082aa24f35e1b516d23) [PhysX] Initialized MultithreadedTaskDispatcher with 12 workers.
 -> (artifact id: '7d91e5bf054cb75f87e13f367a7ed8ff') in 0.009232 seconds
Number of updated asset objects reloaded before import = 0
Number of asset objects unloaded after import = 1
========================================================================
Received Import Request.
  Time since last request: 0.000018 seconds.
  path: Assets/Plugins/Zenject/Source/Install/Contexts/SceneContext.cs
  artifactKey: Guid(89715ad69b973a14899afa2c6730b30b) Importer(2089858483,0ecaa5967403d082aa24f35e1b516d23)
Start importing Assets/Plugins/Zenject/Source/Install/Contexts/SceneContext.cs using Guid(89715ad69b973a14899afa2c6730b30b) Importer(2089858483,0ecaa5967403d082aa24f35e1b516d23) [PhysX] Initialized MultithreadedTaskDispatcher with 12 workers.
 -> (artifact id: 'e103d72c6e6653873f96168856463cba') in 0.009420 seconds
Number of updated asset objects reloaded before import = 0
Number of asset objects unloaded after import = 1
========================================================================
Received Import Request.
  Time since last request: 0.000014 seconds.
  path: Assets/Plugins/Zenject/Source/Binding/Binders/Factory/FactoryArgumentsToChoiceBinder/FactoryArgumentsToChoiceBinder5.cs
  artifactKey: Guid(f3c4d5776729d2d4abae523dd6dce595) Importer(2089858483,0ecaa5967403d082aa24f35e1b516d23)
Start importing Assets/Plugins/Zenject/Source/Binding/Binders/Factory/FactoryArgumentsToChoiceBinder/FactoryArgumentsToChoiceBinder5.cs using Guid(f3c4d5776729d2d4abae523dd6dce595) Importer(2089858483,0ecaa5967403d082aa24f35e1b516d23) [PhysX] Initialized MultithreadedTaskDispatcher with 12 workers.
 -> (artifact id: 'f323187996d9a29df2ef59e3cfde8b47') in 0.009628 seconds
Number of updated asset objects reloaded before import = 0
Number of asset objects unloaded after import = 1
========================================================================
Received Import Request.
  Time since last request: 0.000015 seconds.
  path: Assets/Plugins/Zenject/Source/Editor/Editors/ContextEditor.cs
  artifactKey: Guid(23155ecdf203bf24480fd49763b73677) Importer(2089858483,0ecaa5967403d082aa24f35e1b516d23)
Start importing Assets/Plugins/Zenject/Source/Editor/Editors/ContextEditor.cs using Guid(23155ecdf203bf24480fd49763b73677) Importer(2089858483,0ecaa5967403d082aa24f35e1b516d23) [PhysX] Initialized MultithreadedTaskDispatcher with 12 workers.
 -> (artifact id: '92aa8e5788c1d9da4d02c506260b601e') in 0.009983 seconds
Number of updated asset objects reloaded before import = 0
Number of asset objects unloaded after import = 1
========================================================================
Received Import Request.
  Time since last request: 0.000013 seconds.
  path: Assets/Plugins/Zenject/Source/Binding/Binders/Factory/FactoryArgumentsToChoiceBinder/FactoryArgumentsToChoiceBinder4.cs
  artifactKey: Guid(ce44f168dd48e1442b43a43c925abc47) Importer(2089858483,0ecaa5967403d082aa24f35e1b516d23)
Start importing Assets/Plugins/Zenject/Source/Binding/Binders/Factory/FactoryArgumentsToChoiceBinder/FactoryArgumentsToChoiceBinder4.cs using Guid(ce44f168dd48e1442b43a43c925abc47) Importer(2089858483,0ecaa5967403d082aa24f35e1b516d23) [PhysX] Initialized MultithreadedTaskDispatcher with 12 workers.
 -> (artifact id: 'c7a982b4cfcfa27c62b5fff96b5ac34e') in 0.009313 seconds
Number of updated asset objects reloaded before import = 0
Number of asset objects unloaded after import = 1
========================================================================
Received Import Request.
  Time since last request: 0.000016 seconds.
  path: Assets/Plugins/Zenject/Source/Binding/Binders/GameObject/NameTransformScopeConcreteIdArgConditionCopyNonLazyBinder.cs
  artifactKey: Guid(74c9bb72aa7484d49a39760d2246f1a3) Importer(2089858483,0ecaa5967403d082aa24f35e1b516d23)
Start importing Assets/Plugins/Zenject/Source/Binding/Binders/GameObject/NameTransformScopeConcreteIdArgConditionCopyNonLazyBinder.cs using Guid(74c9bb72aa7484d49a39760d2246f1a3) Importer(2089858483,0ecaa5967403d082aa24f35e1b516d23) [PhysX] Initialized MultithreadedTaskDispatcher with 12 workers.
 -> (artifact id: '04999164eccfd1d96b5ca9fb58b577ec') in 0.011244 seconds
Number of updated asset objects reloaded before import = 0
Number of asset objects unloaded after import = 1
========================================================================
Received Import Request.
  Time since last request: 0.000022 seconds.
  path: Assets/Plugins/Zenject/Source/Binding/Finalizers/IBindingFinalizer.cs
  artifactKey: Guid(d0c24b30b6678884db62f15947ec943c) Importer(2089858483,0ecaa5967403d082aa24f35e1b516d23)
Start importing Assets/Plugins/Zenject/Source/Binding/Finalizers/IBindingFinalizer.cs using Guid(d0c24b30b6678884db62f15947ec943c) Importer(2089858483,0ecaa5967403d082aa24f35e1b516d23) [PhysX] Initialized MultithreadedTaskDispatcher with 12 workers.
 -> (artifact id: '5dbf756a810a009b81aaf8d914618900') in 0.007735 seconds
Number of updated asset objects reloaded before import = 0
Number of asset objects unloaded after import = 1
========================================================================
Received Import Request.
  Time since last request: 0.000015 seconds.
  path: Assets/Plugins/Zenject/Source/Binding/Finalizers/PrefabBindingFinalizer.cs
  artifactKey: Guid(10487121a4674d74884ee65e70762e35) Importer(2089858483,0ecaa5967403d082aa24f35e1b516d23)
Start importing Assets/Plugins/Zenject/Source/Binding/Finalizers/PrefabBindingFinalizer.cs using Guid(10487121a4674d74884ee65e70762e35) Importer(2089858483,0ecaa5967403d082aa24f35e1b516d23) [PhysX] Initialized MultithreadedTaskDispatcher with 12 workers.
 -> (artifact id: '216eead7680749054fca2755e982de1e') in 0.009622 seconds
Number of updated asset objects reloaded before import = 0
Number of asset objects unloaded after import = 1
========================================================================
Received Import Request.
  Time since last request: 0.000015 seconds.
  path: Assets/Plugins/Zenject/Source/Editor/SceneParentLoading/DefaultSceneContractConfig.cs
  artifactKey: Guid(8620c058a9173b84a97d72ed5e94dbd7) Importer(2089858483,0ecaa5967403d082aa24f35e1b516d23)
Start importing Assets/Plugins/Zenject/Source/Editor/SceneParentLoading/DefaultSceneContractConfig.cs using Guid(8620c058a9173b84a97d72ed5e94dbd7) Importer(2089858483,0ecaa5967403d082aa24f35e1b516d23) [PhysX] Initialized MultithreadedTaskDispatcher with 12 workers.
 -> (artifact id: '99faaa4105ae8d5fe79bc4ec510f9e1e') in 0.010128 seconds
Number of updated asset objects reloaded before import = 0
Number of asset objects unloaded after import = 1
========================================================================
Received Import Request.
  Time since last request: 0.000018 seconds.
  path: Assets/Plugins/Zenject/Source/Editor/Editors/SceneContextEditor.cs
  artifactKey: Guid(c04ae1d59f53f514f96e284ba43122f7) Importer(2089858483,0ecaa5967403d082aa24f35e1b516d23)
Start importing Assets/Plugins/Zenject/Source/Editor/Editors/SceneContextEditor.cs using Guid(c04ae1d59f53f514f96e284ba43122f7) Importer(2089858483,0ecaa5967403d082aa24f35e1b516d23) [PhysX] Initialized MultithreadedTaskDispatcher with 12 workers.
 -> (artifact id: 'ffcb3db1733c1cd67cb55808d574baf1') in 0.009522 seconds
Number of updated asset objects reloaded before import = 0
Number of asset objects unloaded after import = 1
========================================================================
Received Import Request.
  Time since last request: 0.000016 seconds.
  path: Assets/Plugins/Zenject/Source/Install/Contexts/Context.cs
  artifactKey: Guid(be0cf56827265f44bbdeba09329d66ab) Importer(2089858483,0ecaa5967403d082aa24f35e1b516d23)
Start importing Assets/Plugins/Zenject/Source/Install/Contexts/Context.cs using Guid(be0cf56827265f44bbdeba09329d66ab) Importer(2089858483,0ecaa5967403d082aa24f35e1b516d23) [PhysX] Initialized MultithreadedTaskDispatcher with 12 workers.
 -> (artifact id: 'b7ee0f4e586b2b78606580a95c332530') in 0.009373 seconds
Number of updated asset objects reloaded before import = 0
Number of asset objects unloaded after import = 1
========================================================================
Received Import Request.
  Time since last request: 0.000017 seconds.
  path: Assets/Plugins/Zenject/Source/Binding/Binders/Factory/FactoryFromBinder/FactoryFromBinder1.cs
  artifactKey: Guid(57ab0b3d05763f14fb530d07a5acd481) Importer(2089858483,0ecaa5967403d082aa24f35e1b516d23)
Start importing Assets/Plugins/Zenject/Source/Binding/Binders/Factory/FactoryFromBinder/FactoryFromBinder1.cs using Guid(57ab0b3d05763f14fb530d07a5acd481) Importer(2089858483,0ecaa5967403d082aa24f35e1b516d23) [PhysX] Initialized MultithreadedTaskDispatcher with 12 workers.
 -> (artifact id: 'd923bc7494995f26a87a4c04c4143af5') in 0.010611 seconds
Number of updated asset objects reloaded before import = 0
Number of asset objects unloaded after import = 1
========================================================================
Received Import Request.
  Time since last request: 0.000014 seconds.
  path: Assets/Plugins/Zenject/Source/Binding/Binders/Factory/FactoryToChoiceIdBinder/FactoryToChoiceIdBinder5.cs
  artifactKey: Guid(20b01a4cfa147764a9e52134e2a32bb4) Importer(2089858483,0ecaa5967403d082aa24f35e1b516d23)
Start importing Assets/Plugins/Zenject/Source/Binding/Binders/Factory/FactoryToChoiceIdBinder/FactoryToChoiceIdBinder5.cs using Guid(20b01a4cfa147764a9e52134e2a32bb4) Importer(2089858483,0ecaa5967403d082aa24f35e1b516d23) [PhysX] Initialized MultithreadedTaskDispatcher with 12 workers.
 -> (artifact id: 'f92749594b7e6f196d4956885690f718') in 0.009781 seconds
Number of updated asset objects reloaded before import = 0
Number of asset objects unloaded after import = 1
========================================================================
Received Import Request.
  Time since last request: 0.000020 seconds.
  path: Assets/Plugins/Zenject/Source/Binding/Binders/Factory/FactoryToChoiceIdBinder/FactoryToChoiceIdBinder2.cs
  artifactKey: Guid(c109e2a5fd72a004e83beae958fa888a) Importer(2089858483,0ecaa5967403d082aa24f35e1b516d23)
Start importing Assets/Plugins/Zenject/Source/Binding/Binders/Factory/FactoryToChoiceIdBinder/FactoryToChoiceIdBinder2.cs using Guid(c109e2a5fd72a004e83beae958fa888a) Importer(2089858483,0ecaa5967403d082aa24f35e1b516d23) [PhysX] Initialized MultithreadedTaskDispatcher with 12 workers.
 -> (artifact id: '949a75134d762df54a5515d00b4b0d72') in 0.010005 seconds
Number of updated asset objects reloaded before import = 0
Number of asset objects unloaded after import = 1
========================================================================
Received Import Request.
  Time since last request: 0.000017 seconds.
  path: Assets/Plugins/Zenject/Source/Binding/Binders/Factory/FactoryArgumentsToChoiceBinder/FactoryArgumentsToChoiceBinder6.cs
  artifactKey: Guid(22836272211e07a459544765e2e7c098) Importer(2089858483,0ecaa5967403d082aa24f35e1b516d23)
Start importing Assets/Plugins/Zenject/Source/Binding/Binders/Factory/FactoryArgumentsToChoiceBinder/FactoryArgumentsToChoiceBinder6.cs using Guid(22836272211e07a459544765e2e7c098) Importer(2089858483,0ecaa5967403d082aa24f35e1b516d23) [PhysX] Initialized MultithreadedTaskDispatcher with 12 workers.
 -> (artifact id: 'dc2076d870f975073d71ba7bd76c5ad5') in 0.010405 seconds
Number of updated asset objects reloaded before import = 0
Number of asset objects unloaded after import = 1
========================================================================
Received Import Request.
  Time since last request: 0.000016 seconds.
  path: Assets/Plugins/Zenject/Source/Binding/Binders/Factory/FactoryToChoiceIdBinder/FactoryToChoiceIdBinder1.cs
  artifactKey: Guid(a005e8d2a91ae2647927c047c663d046) Importer(2089858483,0ecaa5967403d082aa24f35e1b516d23)
Start importing Assets/Plugins/Zenject/Source/Binding/Binders/Factory/FactoryToChoiceIdBinder/FactoryToChoiceIdBinder1.cs using Guid(a005e8d2a91ae2647927c047c663d046) Importer(2089858483,0ecaa5967403d082aa24f35e1b516d23) [PhysX] Initialized MultithreadedTaskDispatcher with 12 workers.
 -> (artifact id: '7bc11d1185e64c4b92d549a1917dfc30') in 0.008973 seconds
Number of updated asset objects reloaded before import = 0
Number of asset objects unloaded after import = 1
========================================================================
Received Import Request.
  Time since last request: 0.000015 seconds.
  path: Assets/Plugins/Zenject/Source/Binding/Binders/Factory/FactoryToChoiceIdBinder/FactoryToChoiceIdBinder3.cs
  artifactKey: Guid(be02341a689ce654ab7160ce4eb5ed0e) Importer(2089858483,0ecaa5967403d082aa24f35e1b516d23)
Start importing Assets/Plugins/Zenject/Source/Binding/Binders/Factory/FactoryToChoiceIdBinder/FactoryToChoiceIdBinder3.cs using Guid(be02341a689ce654ab7160ce4eb5ed0e) Importer(2089858483,0ecaa5967403d082aa24f35e1b516d23) [PhysX] Initialized MultithreadedTaskDispatcher with 12 workers.
 -> (artifact id: '3848ede3998763c05214192c9ba0f173') in 0.009774 seconds
Number of updated asset objects reloaded before import = 0
Number of asset objects unloaded after import = 1
========================================================================
Received Import Request.
  Time since last request: 0.000014 seconds.
  path: Assets/Plugins/Zenject/Source/Factories/Pooling/Util/PoolCleanupChecker.cs
  artifactKey: Guid(69aee89274cd16b48aa790ddd5a061d2) Importer(2089858483,0ecaa5967403d082aa24f35e1b516d23)
Start importing Assets/Plugins/Zenject/Source/Factories/Pooling/Util/PoolCleanupChecker.cs using Guid(69aee89274cd16b48aa790ddd5a061d2) Importer(2089858483,0ecaa5967403d082aa24f35e1b516d23) [PhysX] Initialized MultithreadedTaskDispatcher with 12 workers.
 -> (artifact id: 'b3965c4e87e28de3ab96da2a6400caa0') in 0.010599 seconds
Number of updated asset objects reloaded before import = 0
Number of asset objects unloaded after import = 1
========================================================================
Received Import Request.
  Time since last request: 0.000015 seconds.
  path: Assets/Plugins/Zenject/Source/Editor/SceneParentLoading/SceneParentAutomaticLoader.cs
  artifactKey: Guid(c9f09e0752f64214ba3413d7fdc47736) Importer(2089858483,0ecaa5967403d082aa24f35e1b516d23)
Start importing Assets/Plugins/Zenject/Source/Editor/SceneParentLoading/SceneParentAutomaticLoader.cs using Guid(c9f09e0752f64214ba3413d7fdc47736) Importer(2089858483,0ecaa5967403d082aa24f35e1b516d23) [PhysX] Initialized MultithreadedTaskDispatcher with 12 workers.
 -> (artifact id: '9d710dbce17a33d006d9739970feb6d1') in 0.009605 seconds
Number of updated asset objects reloaded before import = 0
Number of asset objects unloaded after import = 1
========================================================================
Received Import Request.
  Time since last request: 0.000019 seconds.
  path: Assets/Plugins/Zenject/Source/Binding/BindInfo/FactoryBindInfo.cs
  artifactKey: Guid(e69b2b4566e331e44a9f92e4e309816a) Importer(2089858483,0ecaa5967403d082aa24f35e1b516d23)
Start importing Assets/Plugins/Zenject/Source/Binding/BindInfo/FactoryBindInfo.cs using Guid(e69b2b4566e331e44a9f92e4e309816a) Importer(2089858483,0ecaa5967403d082aa24f35e1b516d23) [PhysX] Initialized MultithreadedTaskDispatcher with 12 workers.
 -> (artifact id: '29e44c6b5725c933384da6a9c24d7794') in 0.009941 seconds
Number of updated asset objects reloaded before import = 0
Number of asset objects unloaded after import = 1
========================================================================
Received Import Request.
  Time since last request: 0.000025 seconds.
  path: Assets/Plugins/Zenject/Source/Binding/Binders/Factory/FactoryFromBinder/SubContainerBinder/FactorySubContainerBinderWithParams.cs
  artifactKey: Guid(a002e9dce4e8af54d948529d6beda84b) Importer(2089858483,0ecaa5967403d082aa24f35e1b516d23)
Start importing Assets/Plugins/Zenject/Source/Binding/Binders/Factory/FactoryFromBinder/SubContainerBinder/FactorySubContainerBinderWithParams.cs using Guid(a002e9dce4e8af54d948529d6beda84b) Importer(2089858483,0ecaa5967403d082aa24f35e1b516d23) [PhysX] Initialized MultithreadedTaskDispatcher with 12 workers.
 -> (artifact id: 'd98810d4ab96c12fae7fd87af61a6eb8') in 0.009689 seconds
Number of updated asset objects reloaded before import = 0
Number of asset objects unloaded after import = 1
========================================================================
Received Import Request.
  Time since last request: 0.000015 seconds.
  path: Assets/Plugins/Zenject/Source/Binding/Binders/Factory/FactoryFromBinder/SubContainerBinder/FactorySubContainerBinder6.cs
  artifactKey: Guid(6bc525cf91bd29644ab941902ab4a8d2) Importer(2089858483,0ecaa5967403d082aa24f35e1b516d23)
Start importing Assets/Plugins/Zenject/Source/Binding/Binders/Factory/FactoryFromBinder/SubContainerBinder/FactorySubContainerBinder6.cs using Guid(6bc525cf91bd29644ab941902ab4a8d2) Importer(2089858483,0ecaa5967403d082aa24f35e1b516d23) [PhysX] Initialized MultithreadedTaskDispatcher with 12 workers.
 -> (artifact id: 'c385551dd4c5e5e7a9f6ad2f4a6fb251') in 0.009871 seconds
Number of updated asset objects reloaded before import = 0
Number of asset objects unloaded after import = 1
========================================================================
Received Import Request.
  Time since last request: 0.000015 seconds.
  path: Assets/Plugins/Zenject/Source/Binding/Binders/Factory/FactoryFromBinder/Untyped/FactoryFromBinderUntyped.cs
  artifactKey: Guid(ed1989ebc010d0746ab301cc5747f5c8) Importer(2089858483,0ecaa5967403d082aa24f35e1b516d23)
Start importing Assets/Plugins/Zenject/Source/Binding/Binders/Factory/FactoryFromBinder/Untyped/FactoryFromBinderUntyped.cs using Guid(ed1989ebc010d0746ab301cc5747f5c8) Importer(2089858483,0ecaa5967403d082aa24f35e1b516d23) [PhysX] Initialized MultithreadedTaskDispatcher with 12 workers.
 -> (artifact id: '1cced90c88ea73e310aa4395bb4d0cee') in 0.010131 seconds
Number of updated asset objects reloaded before import = 0
Number of asset objects unloaded after import = 1
========================================================================
Received Import Request.
  Time since last request: 0.000016 seconds.
  path: Assets/Plugins/Zenject/Source/Binding/Binders/Factory/FactoryFromBinder/SubContainerBinder/FactorySubContainerBinder10.cs
  artifactKey: Guid(3b6136acd174dfc4d9b9d3f2b9e110e4) Importer(2089858483,0ecaa5967403d082aa24f35e1b516d23)
Start importing Assets/Plugins/Zenject/Source/Binding/Binders/Factory/FactoryFromBinder/SubContainerBinder/FactorySubContainerBinder10.cs using Guid(3b6136acd174dfc4d9b9d3f2b9e110e4) Importer(2089858483,0ecaa5967403d082aa24f35e1b516d23) [PhysX] Initialized MultithreadedTaskDispatcher with 12 workers.
 -> (artifact id: '9d1bdee18c1daddbe827e72546a932f2') in 0.008597 seconds
Number of updated asset objects reloaded before import = 0
Number of asset objects unloaded after import = 1
