Using pre-set license
Built from '2022.3/staging' branch; Version is '2022.3.38f1 (c5d5a7410213) revision 12965287'; Using compiler version '192829333'; Build Type 'Release'
OS: 'Windows 10  (10.0.19045) 64bit Professional' Language: 'ru' Physical Memory: 31888 MB
BatchMode: 1, IsHumanControllingUs: 0, StartBugReporterOnCrash: 0, Is64bit: 1, IsPro: 1

COMMAND LINE ARGUMENTS:
D:\unity\2022.3.38f1\Editor\Unity.exe
-adb2
-batchMode
-noUpm
-name
AssetImportWorker2
-projectPath
C:/Users/maks5/OneDrive/Рабочий стол/VoykovM_GUN41/My project
-logFile
Logs/AssetImportWorker2.log
-srvPort
51892
Successfully changed project path to: C:/Users/maks5/OneDrive/Рабочий стол/VoykovM_GUN41/My project
C:/Users/maks5/OneDrive/Рабочий стол/VoykovM_GUN41/My project
[UnityMemory] Configuration Parameters - Can be set up in boot.config
    "memorysetup-bucket-allocator-granularity=16"
    "memorysetup-bucket-allocator-bucket-count=8"
    "memorysetup-bucket-allocator-block-size=33554432"
    "memorysetup-bucket-allocator-block-count=8"
    "memorysetup-main-allocator-block-size=16777216"
    "memorysetup-thread-allocator-block-size=16777216"
    "memorysetup-gfx-main-allocator-block-size=16777216"
    "memorysetup-gfx-thread-allocator-block-size=16777216"
    "memorysetup-cache-allocator-block-size=4194304"
    "memorysetup-typetree-allocator-block-size=2097152"
    "memorysetup-profiler-bucket-allocator-granularity=16"
    "memorysetup-profiler-bucket-allocator-bucket-count=8"
    "memorysetup-profiler-bucket-allocator-block-size=33554432"
    "memorysetup-profiler-bucket-allocator-block-count=8"
    "memorysetup-profiler-allocator-block-size=16777216"
    "memorysetup-profiler-editor-allocator-block-size=1048576"
    "memorysetup-temp-allocator-size-main=16777216"
    "memorysetup-job-temp-allocator-block-size=2097152"
    "memorysetup-job-temp-allocator-block-size-background=1048576"
    "memorysetup-job-temp-allocator-reduction-small-platforms=262144"
    "memorysetup-allocator-temp-initial-block-size-main=262144"
    "memorysetup-allocator-temp-initial-block-size-worker=262144"
    "memorysetup-temp-allocator-size-background-worker=32768"
    "memorysetup-temp-allocator-size-job-worker=262144"
    "memorysetup-temp-allocator-size-preload-manager=33554432"
    "memorysetup-temp-allocator-size-nav-mesh-worker=65536"
    "memorysetup-temp-allocator-size-audio-worker=65536"
    "memorysetup-temp-allocator-size-cloud-worker=32768"
    "memorysetup-temp-allocator-size-gi-baking-worker=262144"
    "memorysetup-temp-allocator-size-gfx=262144"
Player connection [19512]  Target information:

Player connection [19512]  * "[IP] 192.168.0.12 [Port] 0 [Flags] 2 [Guid] 3990807386 [EditorId] 3990807386 [Version] 1048832 [Id] WindowsEditor(7,DESKTOP-AKH3RPN) [Debug] 1 [PackageName] WindowsEditor [ProjectName] Editor" 

Player connection [19512] Host joined multi-casting on [225.0.0.222:54997]...
Player connection [19512] Host joined alternative multi-casting on [225.0.0.222:34997]...
[PhysX] Initialized MultithreadedTaskDispatcher with 12 workers.
Refreshing native plugins compatible for Editor in 9.57 ms, found 3 plugins.
Preloading 0 native plugins for Editor in 0.00 ms.
Initialize engine version: 2022.3.38f1 (c5d5a7410213)
[Subsystems] Discovering subsystems at path D:/unity/2022.3.38f1/Editor/Data/Resources/UnitySubsystems
[Subsystems] Discovering subsystems at path C:/Users/maks5/OneDrive/Рабочий стол/VoykovM_GUN41/My project/Assets
GfxDevice: creating device client; threaded=0; jobified=0
Direct3D:
    Version:  Direct3D 11.0 [level 11.1]
    Renderer: AMD Radeon RX 6600 (ID=0x73ff)
    Vendor:   ATI
    VRAM:     8146 MB
    Driver:   32.0.21025.10016
Initialize mono
Mono path[0] = 'D:/unity/2022.3.38f1/Editor/Data/Managed'
Mono path[1] = 'D:/unity/2022.3.38f1/Editor/Data/MonoBleedingEdge/lib/mono/unityjit-win32'
Mono config path = 'D:/unity/2022.3.38f1/Editor/Data/MonoBleedingEdge/etc'
Using monoOptions --debugger-agent=transport=dt_socket,embedding=1,server=y,suspend=n,address=127.0.0.1:56120
Begin MonoManager ReloadAssembly
Registering precompiled unity dll's ...
Register platform support module: D:/unity/2022.3.38f1/Editor/Data/PlaybackEngines/WindowsStandaloneSupport/UnityEditor.WindowsStandalone.Extensions.dll
Registered in 0.003212 seconds.
- Loaded All Assemblies, in  0.214 seconds
Native extension for WindowsStandalone target not found
Mono: successfully reloaded assembly
- Finished resetting the current domain, in  0.163 seconds
Domain Reload Profiling: 377ms
	BeginReloadAssembly (65ms)
		ExecutionOrderSort (0ms)
		DisableScriptedObjects (0ms)
		BackupInstance (0ms)
		ReleaseScriptingObjects (0ms)
		CreateAndSetChildDomain (1ms)
	RebuildCommonClasses (20ms)
	RebuildNativeTypeToScriptingClass (8ms)
	initialDomainReloadingComplete (37ms)
	LoadAllAssembliesAndSetupDomain (84ms)
		LoadAssemblies (65ms)
		RebuildTransferFunctionScriptingTraits (0ms)
		AnalyzeDomain (83ms)
			TypeCache.Refresh (82ms)
				TypeCache.ScanAssembly (73ms)
			ScanForSourceGeneratedMonoScriptInfo (0ms)
			ResolveRequiredComponents (0ms)
	FinalizeReload (163ms)
		ReleaseScriptCaches (0ms)
		RebuildScriptCaches (0ms)
		SetupLoadedEditorAssemblies (128ms)
			LogAssemblyErrors (0ms)
			InitializePlatformSupportModulesInManaged (5ms)
			SetLoadedEditorAssemblies (5ms)
			RefreshPlugins (0ms)
			BeforeProcessingInitializeOnLoad (1ms)
			ProcessInitializeOnLoadAttributes (88ms)
			ProcessInitializeOnLoadMethodAttributes (28ms)
			AfterProcessingInitializeOnLoad (0ms)
			EditorAssembliesLoaded (0ms)
		ExecutionOrderSort2 (0ms)
		AwakeInstancesAfterBackupRestoration (0ms)
========================================================================
Worker process is ready to serve import requests
Begin MonoManager ReloadAssembly
- Loaded All Assemblies, in  0.418 seconds
Refreshing native plugins compatible for Editor in 3.04 ms, found 3 plugins.
Native extension for WindowsStandalone target not found
Mono: successfully reloaded assembly
- Finished resetting the current domain, in  0.399 seconds
Domain Reload Profiling: 816ms
	BeginReloadAssembly (97ms)
		ExecutionOrderSort (0ms)
		DisableScriptedObjects (3ms)
		BackupInstance (0ms)
		ReleaseScriptingObjects (0ms)
		CreateAndSetChildDomain (19ms)
	RebuildCommonClasses (21ms)
	RebuildNativeTypeToScriptingClass (6ms)
	initialDomainReloadingComplete (25ms)
	LoadAllAssembliesAndSetupDomain (268ms)
		LoadAssemblies (196ms)
		RebuildTransferFunctionScriptingTraits (0ms)
		AnalyzeDomain (127ms)
			TypeCache.Refresh (109ms)
				TypeCache.ScanAssembly (100ms)
			ScanForSourceGeneratedMonoScriptInfo (13ms)
			ResolveRequiredComponents (4ms)
	FinalizeReload (399ms)
		ReleaseScriptCaches (0ms)
		RebuildScriptCaches (0ms)
		SetupLoadedEditorAssemblies (305ms)
			LogAssemblyErrors (0ms)
			InitializePlatformSupportModulesInManaged (3ms)
			SetLoadedEditorAssemblies (3ms)
			RefreshPlugins (0ms)
			BeforeProcessingInitializeOnLoad (38ms)
			ProcessInitializeOnLoadAttributes (245ms)
			ProcessInitializeOnLoadMethodAttributes (12ms)
			AfterProcessingInitializeOnLoad (3ms)
			EditorAssembliesLoaded (0ms)
		ExecutionOrderSort2 (0ms)
		AwakeInstancesAfterBackupRestoration (4ms)
Launched and connected shader compiler UnityShaderCompiler.exe after 0.04 seconds
Refreshing native plugins compatible for Editor in 3.13 ms, found 3 plugins.
Preloading 0 native plugins for Editor in 0.00 ms.
Unloading 4101 Unused Serialized files (Serialized files now loaded: 0)
Unloading 57 unused Assets / (132.2 KB). Loaded Objects now: 4561.
Memory consumption went from 146.3 MB to 146.2 MB.
Total: 2.117100 ms (FindLiveObjects: 0.247200 ms CreateObjectMapping: 0.047700 ms MarkObjects: 1.714500 ms  DeleteObjects: 0.107100 ms)

AssetImportParameters requested are different than current active one (requested -> active):
  custom:container-demuxer-ogg: 62fdf1f143b41e24485cea50d1cbac27 -> 
  custom:video-decoder-ogg-theora: a1e56fd34408186e4bbccfd4996cb3dc -> 
  custom:framework-win-MediaFoundation: 216162199b28c13a410421893ffa2e32 -> 
  custom:CustomObjectIndexerAttribute: 9a22284fe3817be447336de3de66b15e -> 
  custom:container-demuxer-webm: 4f35f7cbe854078d1ac9338744f61a02 -> 
  custom:container-muxer-webm: aa71ff27fc2769a1b78a27578f13a17b -> 
  custom:video-decoder-webm-vp8: 9c59270c3fd7afecdb556c50c9e8de78 -> 
  custom:SearchIndexIgnoredProperties: e643bd26f0fe6173181afceb89e7c659 -> 
  custom:AudioImporter_EditorPlatform: d09bf68614088b80899f8185d706f6e7 -> 
  custom:video-encoder-webm-vp8: eb34c28f22e8b96e1ab97ce403110664 -> 
  custom:audio-decoder-ogg-vorbis: bf7c407c2cedff20999df2af8eb42d56 -> 
  custom:audio-encoder-webm-vorbis: bf7c407c2cedff20999df2af8eb42d56 -> 
========================================================================
Received Import Request.
  Time since last request: 192575.500884 seconds.
  path: Assets/TextMesh Pro/Shaders/TMPro_Mobile.cginc
  artifactKey: Guid(c334973cef89a9840b0b0c507e0377ab) Importer(2089858483,0ecaa5967403d082aa24f35e1b516d23)
Start importing Assets/TextMesh Pro/Shaders/TMPro_Mobile.cginc using Guid(c334973cef89a9840b0b0c507e0377ab) Importer(2089858483,0ecaa5967403d082aa24f35e1b516d23) [PhysX] Initialized MultithreadedTaskDispatcher with 12 workers.
 -> (artifact id: '200163e1f7e49039c9886b86eb0365f7') in 0.052926 seconds
Number of updated asset objects reloaded before import = 0
Number of asset objects unloaded after import = 1
========================================================================
Received Import Request.
  Time since last request: 0.000023 seconds.
  path: Assets/Scenes/TemplateScene.unity
  artifactKey: Guid(e337bf6a28acd9a44b74af1c7dc4d531) Importer(2089858483,0ecaa5967403d082aa24f35e1b516d23)
Start importing Assets/Scenes/TemplateScene.unity using Guid(e337bf6a28acd9a44b74af1c7dc4d531) Importer(2089858483,0ecaa5967403d082aa24f35e1b516d23) [PhysX] Initialized MultithreadedTaskDispatcher with 12 workers.
 -> (artifact id: '56a20e6d931d51dc5ea1913c7df843a9') in 0.007797 seconds
Number of updated asset objects reloaded before import = 0
Number of asset objects unloaded after import = 1
========================================================================
Received Import Request.
  Time since last request: 0.000027 seconds.
  path: Assets/Effects/Explosion/Materials/Embers.mat
  artifactKey: Guid(776677ab3818fb249adaca05f4e04545) Importer(2089858483,0ecaa5967403d082aa24f35e1b516d23)
Start importing Assets/Effects/Explosion/Materials/Embers.mat using Guid(776677ab3818fb249adaca05f4e04545) Importer(2089858483,0ecaa5967403d082aa24f35e1b516d23) [PhysX] Initialized MultithreadedTaskDispatcher with 12 workers.
 -> (artifact id: '054a9fd397e404c42ed38081754f4092') in 0.068974 seconds
Number of updated asset objects reloaded before import = 0
Number of asset objects unloaded after import = 1
========================================================================
Received Import Request.
  Time since last request: 0.000014 seconds.
  path: Assets/Effects/Explosion/TinyExplosion.prefab
  artifactKey: Guid(a72f6bafe0a90424fa87e071620289e8) Importer(2089858483,0ecaa5967403d082aa24f35e1b516d23)
Start importing Assets/Effects/Explosion/TinyExplosion.prefab using Guid(a72f6bafe0a90424fa87e071620289e8) Importer(2089858483,0ecaa5967403d082aa24f35e1b516d23) [PhysX] Initialized MultithreadedTaskDispatcher with 12 workers.
 -> (artifact id: 'af3876319c291f9fcc0ba3bd5ee12d8a') in 0.062031 seconds
Number of updated asset objects reloaded before import = 0
Number of asset objects unloaded after import = 14
========================================================================
Received Import Request.
  Time since last request: 0.000016 seconds.
  path: Assets/TextMesh Pro/Shaders/TMP_Bitmap-Custom-Atlas.shader
  artifactKey: Guid(48bb5f55d8670e349b6e614913f9d910) Importer(2089858483,0ecaa5967403d082aa24f35e1b516d23)
Start importing Assets/TextMesh Pro/Shaders/TMP_Bitmap-Custom-Atlas.shader using Guid(48bb5f55d8670e349b6e614913f9d910) Importer(2089858483,0ecaa5967403d082aa24f35e1b516d23) [PhysX] Initialized MultithreadedTaskDispatcher with 12 workers.
 -> (artifact id: 'b7b7203dd971ccfe6fee1e5337b49621') in 0.010824 seconds
Number of updated asset objects reloaded before import = 0
Number of asset objects unloaded after import = 1
========================================================================
Received Import Request.
  Time since last request: 0.000025 seconds.
  path: Assets/Scripts/Commons/AudioPool.cs
  artifactKey: Guid(bb4494542a904cbf82b95fde17796012) Importer(2089858483,0ecaa5967403d082aa24f35e1b516d23)
Start importing Assets/Scripts/Commons/AudioPool.cs using Guid(bb4494542a904cbf82b95fde17796012) Importer(2089858483,0ecaa5967403d082aa24f35e1b516d23) [PhysX] Initialized MultithreadedTaskDispatcher with 12 workers.
 -> (artifact id: '828e1b3bd9b17f69fa903fc31af8b247') in 0.009163 seconds
Number of updated asset objects reloaded before import = 0
Number of asset objects unloaded after import = 1
========================================================================
Received Import Request.
  Time since last request: 0.000019 seconds.
  path: Assets/Scripts/Legacy/LegacyTransmissionData.cs
  artifactKey: Guid(9128bfba2f9e46d7ac092923ba72be98) Importer(2089858483,0ecaa5967403d082aa24f35e1b516d23)
Start importing Assets/Scripts/Legacy/LegacyTransmissionData.cs using Guid(9128bfba2f9e46d7ac092923ba72be98) Importer(2089858483,0ecaa5967403d082aa24f35e1b516d23) [PhysX] Initialized MultithreadedTaskDispatcher with 12 workers.
 -> (artifact id: '73a5f14c91af259f80856c6498e36fc0') in 0.009719 seconds
Number of updated asset objects reloaded before import = 0
Number of asset objects unloaded after import = 1
========================================================================
Received Import Request.
  Time since last request: 0.000016 seconds.
  path: Assets/LightingSettings.lighting
  artifactKey: Guid(4d89f915e8f3f8f4e9c5b19b3d79471d) Importer(2089858483,0ecaa5967403d082aa24f35e1b516d23)
Start importing Assets/LightingSettings.lighting using Guid(4d89f915e8f3f8f4e9c5b19b3d79471d) Importer(2089858483,0ecaa5967403d082aa24f35e1b516d23) [PhysX] Initialized MultithreadedTaskDispatcher with 12 workers.
 -> (artifact id: 'a01eecbf398dd44764297d29c4d5688e') in 0.022767 seconds
Number of updated asset objects reloaded before import = 0
Number of asset objects unloaded after import = 1
========================================================================
Received Import Request.
  Time since last request: 0.000015 seconds.
  path: Assets/Models/Drone/drone.fbx
  artifactKey: Guid(77ec979c4a1053f4fb90fee3d17b240c) Importer(2089858483,0ecaa5967403d082aa24f35e1b516d23)
Start importing Assets/Models/Drone/drone.fbx using Guid(77ec979c4a1053f4fb90fee3d17b240c) Importer(2089858483,0ecaa5967403d082aa24f35e1b516d23) [PhysX] Initialized MultithreadedTaskDispatcher with 12 workers.
 -> (artifact id: 'd1f912c1dc2a954d9bdba848a971b605') in 0.049534 seconds
Number of updated asset objects reloaded before import = 0
Number of asset objects unloaded after import = 51
========================================================================
Received Import Request.
  Time since last request: 0.000019 seconds.
  path: Assets/Prefabs/Installer.prefab
  artifactKey: Guid(4f497ba3fcaf2cb419c3489bf8b3ff1e) Importer(2089858483,0ecaa5967403d082aa24f35e1b516d23)
Start importing Assets/Prefabs/Installer.prefab using Guid(4f497ba3fcaf2cb419c3489bf8b3ff1e) Importer(2089858483,0ecaa5967403d082aa24f35e1b516d23) [PhysX] Initialized MultithreadedTaskDispatcher with 12 workers.
 -> (artifact id: '16cee447d0bd6b8cfecb338aa47f7e3f') in 0.023423 seconds
Number of updated asset objects reloaded before import = 0
Number of asset objects unloaded after import = 16
========================================================================
Received Import Request.
  Time since last request: 0.000023 seconds.
  path: Assets/Sprites/progressBar4.png
  artifactKey: Guid(466d33f7eb07e9640986ec48a54a4baa) Importer(2089858483,0ecaa5967403d082aa24f35e1b516d23)
Start importing Assets/Sprites/progressBar4.png using Guid(466d33f7eb07e9640986ec48a54a4baa) Importer(2089858483,0ecaa5967403d082aa24f35e1b516d23) [PhysX] Initialized MultithreadedTaskDispatcher with 12 workers.
 -> (artifact id: 'abab77ae53d43d6e9a6826e718102ce8') in 0.037578 seconds
Number of updated asset objects reloaded before import = 0
Number of asset objects unloaded after import = 3
========================================================================
Received Import Request.
  Time since last request: 0.000015 seconds.
  path: Assets/Scripts/Tests/TestInputController.cs
  artifactKey: Guid(2b3e21422e254466810369536a65b19b) Importer(2089858483,0ecaa5967403d082aa24f35e1b516d23)
Start importing Assets/Scripts/Tests/TestInputController.cs using Guid(2b3e21422e254466810369536a65b19b) Importer(2089858483,0ecaa5967403d082aa24f35e1b516d23) [PhysX] Initialized MultithreadedTaskDispatcher with 12 workers.
 -> (artifact id: '7b84f5c6a26d0f15afef52912e02015f') in 0.008870 seconds
Number of updated asset objects reloaded before import = 0
Number of asset objects unloaded after import = 1
========================================================================
Received Import Request.
  Time since last request: 0.000035 seconds.
  path: Assets/Audio/whoosh2_Sound.mp3
  artifactKey: Guid(bde8f4702ace5bb47be2d8045e42075a) Importer(2089858483,0ecaa5967403d082aa24f35e1b516d23)
Start importing Assets/Audio/whoosh2_Sound.mp3 using Guid(bde8f4702ace5bb47be2d8045e42075a) Importer(2089858483,0ecaa5967403d082aa24f35e1b516d23) [PhysX] Initialized MultithreadedTaskDispatcher with 12 workers.
 -> (artifact id: '0cf31babec54d20eaeff7a9029304455') in 0.029464 seconds
Number of updated asset objects reloaded before import = 0
Number of asset objects unloaded after import = 1
========================================================================
Received Import Request.
  Time since last request: 0.000015 seconds.
  path: Assets/TextMesh Pro/Shaders/TMPro_Surface.cginc
  artifactKey: Guid(d930090c0cd643c7b55f19a38538c162) Importer(2089858483,0ecaa5967403d082aa24f35e1b516d23)
Start importing Assets/TextMesh Pro/Shaders/TMPro_Surface.cginc using Guid(d930090c0cd643c7b55f19a38538c162) Importer(2089858483,0ecaa5967403d082aa24f35e1b516d23) [PhysX] Initialized MultithreadedTaskDispatcher with 12 workers.
 -> (artifact id: '2546bb891f8feeb144b98e128843fb25') in 0.012948 seconds
Number of updated asset objects reloaded before import = 0
Number of asset objects unloaded after import = 1
========================================================================
Received Import Request.
  Time since last request: 0.000013 seconds.
  path: Assets/Animations/Indicator/IndicatorSecond_Anim.anim
  artifactKey: Guid(e34ea2ae3cc668445bcad489fdad744b) Importer(2089858483,0ecaa5967403d082aa24f35e1b516d23)
Start importing Assets/Animations/Indicator/IndicatorSecond_Anim.anim using Guid(e34ea2ae3cc668445bcad489fdad744b) Importer(2089858483,0ecaa5967403d082aa24f35e1b516d23) [PhysX] Initialized MultithreadedTaskDispatcher with 12 workers.
 -> (artifact id: 'f4a46bb2ce7e509fa9dcb4e771fd4ba4') in 0.018367 seconds
Number of updated asset objects reloaded before import = 0
Number of asset objects unloaded after import = 1
========================================================================
Received Import Request.
  Time since last request: 0.000015 seconds.
  path: Assets/Scripts/Generated/UnityConstants.cs
  artifactKey: Guid(0594b3b0d22e2bd448a9b26dca753797) Importer(2089858483,0ecaa5967403d082aa24f35e1b516d23)
Start importing Assets/Scripts/Generated/UnityConstants.cs using Guid(0594b3b0d22e2bd448a9b26dca753797) Importer(2089858483,0ecaa5967403d082aa24f35e1b516d23) [PhysX] Initialized MultithreadedTaskDispatcher with 12 workers.
 -> (artifact id: '2695254c607d0ac36e0027633d2f11b1') in 0.008011 seconds
Number of updated asset objects reloaded before import = 0
Number of asset objects unloaded after import = 1
========================================================================
Received Import Request.
  Time since last request: 0.000043 seconds.
  path: Assets/TextMesh Pro/Resources/TMP Settings.asset
  artifactKey: Guid(3f5b5dff67a942289a9defa416b206f3) Importer(2089858483,0ecaa5967403d082aa24f35e1b516d23)
Start importing Assets/TextMesh Pro/Resources/TMP Settings.asset using Guid(3f5b5dff67a942289a9defa416b206f3) Importer(2089858483,0ecaa5967403d082aa24f35e1b516d23) [PhysX] Initialized MultithreadedTaskDispatcher with 12 workers.
 -> (artifact id: '796da96ec4e43bea157310c2bfe2e89f') in 0.030598 seconds
Number of updated asset objects reloaded before import = 0
Number of asset objects unloaded after import = 15
========================================================================
Received Import Request.
  Time since last request: 0.000014 seconds.
  path: Assets/Effects/Misc Effects/Textures/Ramp01.png
  artifactKey: Guid(c07de05b9bda8f6409252857c36d7ed0) Importer(2089858483,0ecaa5967403d082aa24f35e1b516d23)
Start importing Assets/Effects/Misc Effects/Textures/Ramp01.png using Guid(c07de05b9bda8f6409252857c36d7ed0) Importer(2089858483,0ecaa5967403d082aa24f35e1b516d23) [PhysX] Initialized MultithreadedTaskDispatcher with 12 workers.
 -> (artifact id: '769573ffe0cffb00c63dce2101a7277d') in 0.014942 seconds
Number of updated asset objects reloaded before import = 0
Number of asset objects unloaded after import = 1
========================================================================
Received Import Request.
  Time since last request: 0.000020 seconds.
  path: Assets/Models/Track/Materials/Textures/SwatchWhiteAlbedo.png
  artifactKey: Guid(c798603beb3c1fc4a96620cf6b35cc32) Importer(2089858483,0ecaa5967403d082aa24f35e1b516d23)
Start importing Assets/Models/Track/Materials/Textures/SwatchWhiteAlbedo.png using Guid(c798603beb3c1fc4a96620cf6b35cc32) Importer(2089858483,0ecaa5967403d082aa24f35e1b516d23) [PhysX] Initialized MultithreadedTaskDispatcher with 12 workers.
 -> (artifact id: 'b5a759730e9627fbf5762aca3e97c9a2') in 0.017359 seconds
Number of updated asset objects reloaded before import = 0
Number of asset objects unloaded after import = 1
========================================================================
Received Import Request.
  Time since last request: 0.000019 seconds.
  path: Assets/Effects/Misc Effects/Materials/FireFlyTrail.mat
  artifactKey: Guid(1d11412570f90ba4caf1b0b6dea27152) Importer(2089858483,0ecaa5967403d082aa24f35e1b516d23)
Start importing Assets/Effects/Misc Effects/Materials/FireFlyTrail.mat using Guid(1d11412570f90ba4caf1b0b6dea27152) Importer(2089858483,0ecaa5967403d082aa24f35e1b516d23) [PhysX] Initialized MultithreadedTaskDispatcher with 12 workers.
 -> (artifact id: 'd392b62f9d5729f95f51bec118dd2880') in 0.016699 seconds
Number of updated asset objects reloaded before import = 0
Number of asset objects unloaded after import = 2
========================================================================
Received Import Request.
  Time since last request: 0.000018 seconds.
  path: Assets/Models/Tank/Materials/CTF_Mat_TankFree_Yel.mat
  artifactKey: Guid(546738ce5c5f3484bb590ed3d3f696ee) Importer(2089858483,0ecaa5967403d082aa24f35e1b516d23)
Start importing Assets/Models/Tank/Materials/CTF_Mat_TankFree_Yel.mat using Guid(546738ce5c5f3484bb590ed3d3f696ee) Importer(2089858483,0ecaa5967403d082aa24f35e1b516d23) [PhysX] Initialized MultithreadedTaskDispatcher with 12 workers.
 -> (artifact id: '67127d216d29f3b0701bdabe8f1657a3') in 0.064526 seconds
Number of updated asset objects reloaded before import = 0
Number of asset objects unloaded after import = 5
========================================================================
Received Import Request.
  Time since last request: 0.000018 seconds.
  path: Assets/Effects/Explosion/Materials/Textures/ramp01.png
  artifactKey: Guid(99e09a9bd0f10384fa2a3bcbd5c65c9d) Importer(2089858483,0ecaa5967403d082aa24f35e1b516d23)
Start importing Assets/Effects/Explosion/Materials/Textures/ramp01.png using Guid(99e09a9bd0f10384fa2a3bcbd5c65c9d) Importer(2089858483,0ecaa5967403d082aa24f35e1b516d23) [PhysX] Initialized MultithreadedTaskDispatcher with 12 workers.
 -> (artifact id: '664f9ed1916cd1c8a21ea7f1477842f3') in 0.017922 seconds
Number of updated asset objects reloaded before import = 0
Number of asset objects unloaded after import = 1
========================================================================
Received Import Request.
  Time since last request: 0.000024 seconds.
  path: Assets/Models/Track/Materials/WhiteSmooth.mat
  artifactKey: Guid(616853845a4a54949ac851f2f807aa2a) Importer(2089858483,0ecaa5967403d082aa24f35e1b516d23)
Start importing Assets/Models/Track/Materials/WhiteSmooth.mat using Guid(616853845a4a54949ac851f2f807aa2a) Importer(2089858483,0ecaa5967403d082aa24f35e1b516d23) [PhysX] Initialized MultithreadedTaskDispatcher with 12 workers.
 -> (artifact id: '643adec39cac9582c622baac5d5244f2') in 0.034457 seconds
Number of updated asset objects reloaded before import = 0
Number of asset objects unloaded after import = 2
========================================================================
Received Import Request.
  Time since last request: 0.000014 seconds.
  path: Assets/Effects/Smoke/Materials/Textures/SmokePuff04Normal.tif
  artifactKey: Guid(ec0fffbfc1b9f9f4d82b1328a0fa87ab) Importer(2089858483,0ecaa5967403d082aa24f35e1b516d23)
Start importing Assets/Effects/Smoke/Materials/Textures/SmokePuff04Normal.tif using Guid(ec0fffbfc1b9f9f4d82b1328a0fa87ab) Importer(2089858483,0ecaa5967403d082aa24f35e1b516d23) [PhysX] Initialized MultithreadedTaskDispatcher with 12 workers.
 -> (artifact id: '04e18ff4e7e0f384b55eaf4fb75a230a') in 0.018267 seconds
Number of updated asset objects reloaded before import = 0
Number of asset objects unloaded after import = 1
========================================================================
Received Import Request.
  Time since last request: 0.000016 seconds.
  path: Assets/Effects/Smoke/Materials/SmokeySteam03.mat
  artifactKey: Guid(fd80cdb028e1d864392334da34ca021d) Importer(2089858483,0ecaa5967403d082aa24f35e1b516d23)
Start importing Assets/Effects/Smoke/Materials/SmokeySteam03.mat using Guid(fd80cdb028e1d864392334da34ca021d) Importer(2089858483,0ecaa5967403d082aa24f35e1b516d23) [PhysX] Initialized MultithreadedTaskDispatcher with 12 workers.
 -> (artifact id: '2d07d67297a68e027f9cf61e8f2128c7') in 0.071309 seconds
Number of updated asset objects reloaded before import = 0
Number of asset objects unloaded after import = 2
========================================================================
Received Import Request.
  Time since last request: 0.000018 seconds.
  path: Assets/Models/Drone/References/Materials/grey.mat
  artifactKey: Guid(719efd02f6cfa794ea0a203cf90365a6) Importer(2089858483,0ecaa5967403d082aa24f35e1b516d23)
Start importing Assets/Models/Drone/References/Materials/grey.mat using Guid(719efd02f6cfa794ea0a203cf90365a6) Importer(2089858483,0ecaa5967403d082aa24f35e1b516d23) [PhysX] Initialized MultithreadedTaskDispatcher with 12 workers.
 -> (artifact id: 'b14892c6e67df50150ce98cce30edd71') in 0.014622 seconds
Number of updated asset objects reloaded before import = 0
Number of asset objects unloaded after import = 1
========================================================================
Received Import Request.
  Time since last request: 0.000017 seconds.
  path: Assets/Models/Drone/References/Materials/black.mat
  artifactKey: Guid(ca862d9708fb270498ff25634a51396d) Importer(2089858483,0ecaa5967403d082aa24f35e1b516d23)
Start importing Assets/Models/Drone/References/Materials/black.mat using Guid(ca862d9708fb270498ff25634a51396d) Importer(2089858483,0ecaa5967403d082aa24f35e1b516d23) [PhysX] Initialized MultithreadedTaskDispatcher with 12 workers.
 -> (artifact id: '8a02447fa7f7991ed476e5b9777a0ebe') in 0.015706 seconds
Number of updated asset objects reloaded before import = 0
Number of asset objects unloaded after import = 1
========================================================================
Received Import Request.
  Time since last request: 0.000023 seconds.
  path: Assets/TextMesh Pro/Resources/Fonts & Materials/LiberationSans SDF - Outline.mat
  artifactKey: Guid(79459efec17a4d00a321bdcc27bbc385) Importer(2089858483,0ecaa5967403d082aa24f35e1b516d23)
Start importing Assets/TextMesh Pro/Resources/Fonts & Materials/LiberationSans SDF - Outline.mat using Guid(79459efec17a4d00a321bdcc27bbc385) Importer(2089858483,0ecaa5967403d082aa24f35e1b516d23) [PhysX] Initialized MultithreadedTaskDispatcher with 12 workers.
 -> (artifact id: 'f1d786cbd42b66ab3c7d0bffc47470b5') in 0.025143 seconds
Number of updated asset objects reloaded before import = 0
Number of asset objects unloaded after import = 2
========================================================================
Received Import Request.
  Time since last request: 0.000015 seconds.
  path: Assets/Models/Track/Materials/NavySmooth.mat
  artifactKey: Guid(bccdb449802ea144b8709da9bac60356) Importer(2089858483,0ecaa5967403d082aa24f35e1b516d23)
Start importing Assets/Models/Track/Materials/NavySmooth.mat using Guid(bccdb449802ea144b8709da9bac60356) Importer(2089858483,0ecaa5967403d082aa24f35e1b516d23) [PhysX] Initialized MultithreadedTaskDispatcher with 12 workers.
 -> (artifact id: 'd0e195d41e6a81c6508ea64f130933f3') in 0.014124 seconds
Number of updated asset objects reloaded before import = 0
Number of asset objects unloaded after import = 2
========================================================================
Received Import Request.
  Time since last request: 0.000014 seconds.
  path: Assets/Models/Blocks/Materials/ObstacleGreenMaterial.mat
  artifactKey: Guid(f415c369b8d98d14b8152d79cc70a4cc) Importer(2089858483,0ecaa5967403d082aa24f35e1b516d23)
Start importing Assets/Models/Blocks/Materials/ObstacleGreenMaterial.mat using Guid(f415c369b8d98d14b8152d79cc70a4cc) Importer(2089858483,0ecaa5967403d082aa24f35e1b516d23) [PhysX] Initialized MultithreadedTaskDispatcher with 12 workers.
 -> (artifact id: '3420709de0a5adb1e35bfa58b66f4cd7') in 0.036695 seconds
Number of updated asset objects reloaded before import = 0
Number of asset objects unloaded after import = 2
========================================================================
Received Import Request.
  Time since last request: 0.000016 seconds.
  path: Assets/Scripts/Interface/CarnageIndicator.cs
  artifactKey: Guid(6930ba43920b41cea64622273a54e788) Importer(2089858483,0ecaa5967403d082aa24f35e1b516d23)
Start importing Assets/Scripts/Interface/CarnageIndicator.cs using Guid(6930ba43920b41cea64622273a54e788) Importer(2089858483,0ecaa5967403d082aa24f35e1b516d23) [PhysX] Initialized MultithreadedTaskDispatcher with 12 workers.
 -> (artifact id: 'ff153f34c6081064f011df443f8a62d3') in 0.006539 seconds
Number of updated asset objects reloaded before import = 0
Number of asset objects unloaded after import = 1
========================================================================
Received Import Request.
  Time since last request: 0.000020 seconds.
  path: Assets/TextMesh Pro/Resources/Fonts & Materials/LiberationSans SDF.asset
  artifactKey: Guid(8f586378b4e144a9851e7b34d9b748ee) Importer(2089858483,0ecaa5967403d082aa24f35e1b516d23)
Start importing Assets/TextMesh Pro/Resources/Fonts & Materials/LiberationSans SDF.asset using Guid(8f586378b4e144a9851e7b34d9b748ee) Importer(2089858483,0ecaa5967403d082aa24f35e1b516d23) [PhysX] Initialized MultithreadedTaskDispatcher with 12 workers.
 -> (artifact id: '98f574be6d176d81e5f8db89c7250d62') in 0.030047 seconds
Number of updated asset objects reloaded before import = 0
Number of asset objects unloaded after import = 8
========================================================================
Received Import Request.
  Time since last request: 0.000018 seconds.
  path: Assets/Skybox/CoriolisNight4k.mat
  artifactKey: Guid(d4454f71d85928744be7771e2143dab7) Importer(2089858483,0ecaa5967403d082aa24f35e1b516d23)
Start importing Assets/Skybox/CoriolisNight4k.mat using Guid(d4454f71d85928744be7771e2143dab7) Importer(2089858483,0ecaa5967403d082aa24f35e1b516d23) [PhysX] Initialized MultithreadedTaskDispatcher with 12 workers.
 -> (artifact id: '2823ce84aeb5b46e56eac03edab27b6e') in 0.040510 seconds
Number of updated asset objects reloaded before import = 0
Number of asset objects unloaded after import = 2
========================================================================
Received Import Request.
  Time since last request: 0.000022 seconds.
  path: Assets/Models/Track/Materials/SpaceshipHull.mat
  artifactKey: Guid(35e2b94eb1006514abf8ae501b17f4d1) Importer(2089858483,0ecaa5967403d082aa24f35e1b516d23)
Start importing Assets/Models/Track/Materials/SpaceshipHull.mat using Guid(35e2b94eb1006514abf8ae501b17f4d1) Importer(2089858483,0ecaa5967403d082aa24f35e1b516d23) [PhysX] Initialized MultithreadedTaskDispatcher with 12 workers.
 -> (artifact id: '31c527b3e53ff242d9256a979fe118ca') in 0.016982 seconds
Number of updated asset objects reloaded before import = 0
Number of asset objects unloaded after import = 1
========================================================================
Received Import Request.
  Time since last request: 0.000016 seconds.
  path: Assets/TextMesh Pro/Shaders/TMP_Bitmap-Mobile.shader
  artifactKey: Guid(1e3b057af24249748ff873be7fafee47) Importer(2089858483,0ecaa5967403d082aa24f35e1b516d23)
Start importing Assets/TextMesh Pro/Shaders/TMP_Bitmap-Mobile.shader using Guid(1e3b057af24249748ff873be7fafee47) Importer(2089858483,0ecaa5967403d082aa24f35e1b516d23) [PhysX] Initialized MultithreadedTaskDispatcher with 12 workers.
 -> (artifact id: 'c1bddebebe3a73e4c66e8000002c2207') in 0.009256 seconds
Number of updated asset objects reloaded before import = 0
Number of asset objects unloaded after import = 1
========================================================================
Received Import Request.
  Time since last request: 0.000020 seconds.
  path: Assets/TextMesh Pro/Resources/Sprite Assets/EmojiOne.asset
  artifactKey: Guid(c41005c129ba4d66911b75229fd70b45) Importer(2089858483,0ecaa5967403d082aa24f35e1b516d23)
Start importing Assets/TextMesh Pro/Resources/Sprite Assets/EmojiOne.asset using Guid(c41005c129ba4d66911b75229fd70b45) Importer(2089858483,0ecaa5967403d082aa24f35e1b516d23) [PhysX] Initialized MultithreadedTaskDispatcher with 12 workers.
 -> (artifact id: '26ff1d7231d20bd8d2f04e9bcbe9b96d') in 0.012020 seconds
Number of updated asset objects reloaded before import = 0
Number of asset objects unloaded after import = 3
========================================================================
Received Import Request.
  Time since last request: 0.000020 seconds.
  path: Assets/Scripts/Tank/ProjectileTracker.cs
  artifactKey: Guid(cb71d6d589fd4f1292660e4fa94176a7) Importer(2089858483,0ecaa5967403d082aa24f35e1b516d23)
Start importing Assets/Scripts/Tank/ProjectileTracker.cs using Guid(cb71d6d589fd4f1292660e4fa94176a7) Importer(2089858483,0ecaa5967403d082aa24f35e1b516d23) [PhysX] Initialized MultithreadedTaskDispatcher with 12 workers.
 -> (artifact id: 'b445ff43c70b3d95124b2466a8b67c27') in 0.008829 seconds
Number of updated asset objects reloaded before import = 0
Number of asset objects unloaded after import = 1
========================================================================
Received Import Request.
  Time since last request: 0.000014 seconds.
  path: Assets/Models/Drone/References/Materials/Green.mat
  artifactKey: Guid(4e009e94172ef3943b3a68831c591e45) Importer(2089858483,0ecaa5967403d082aa24f35e1b516d23)
Start importing Assets/Models/Drone/References/Materials/Green.mat using Guid(4e009e94172ef3943b3a68831c591e45) Importer(2089858483,0ecaa5967403d082aa24f35e1b516d23) [PhysX] Initialized MultithreadedTaskDispatcher with 12 workers.
 -> (artifact id: '7ac04f8f4da5f8ec0dfc821832b3fe12') in 0.014729 seconds
Number of updated asset objects reloaded before import = 0
Number of asset objects unloaded after import = 1
========================================================================
Received Import Request.
  Time since last request: 0.000020 seconds.
  path: Assets/Scripts/Tests/TestCarnageIndicator.cs
  artifactKey: Guid(5211ae21db5741388d720e92afaa3740) Importer(2089858483,0ecaa5967403d082aa24f35e1b516d23)
Start importing Assets/Scripts/Tests/TestCarnageIndicator.cs using Guid(5211ae21db5741388d720e92afaa3740) Importer(2089858483,0ecaa5967403d082aa24f35e1b516d23) [PhysX] Initialized MultithreadedTaskDispatcher with 12 workers.
 -> (artifact id: '7f434512077277e684c5770f0b6231b6') in 0.011234 seconds
Number of updated asset objects reloaded before import = 0
Number of asset objects unloaded after import = 1
========================================================================
Received Import Request.
  Time since last request: 0.000021 seconds.
  path: Assets/Effects/Explosion/Materials/Textures/ExplosionEmission.tif
  artifactKey: Guid(05db667749fd79541b026bff39d94a66) Importer(2089858483,0ecaa5967403d082aa24f35e1b516d23)
Start importing Assets/Effects/Explosion/Materials/Textures/ExplosionEmission.tif using Guid(05db667749fd79541b026bff39d94a66) Importer(2089858483,0ecaa5967403d082aa24f35e1b516d23) [PhysX] Initialized MultithreadedTaskDispatcher with 12 workers.
 -> (artifact id: '8c80307c77b2286820765d1c21c276bf') in 0.014761 seconds
Number of updated asset objects reloaded before import = 0
Number of asset objects unloaded after import = 1
========================================================================
Received Import Request.
  Time since last request: 0.000027 seconds.
  path: Assets/Effects/Smoke/Materials/Embers.mat
  artifactKey: Guid(cb54088e4fe82ce44aafb5f3dc12b530) Importer(2089858483,0ecaa5967403d082aa24f35e1b516d23)
Start importing Assets/Effects/Smoke/Materials/Embers.mat using Guid(cb54088e4fe82ce44aafb5f3dc12b530) Importer(2089858483,0ecaa5967403d082aa24f35e1b516d23) [PhysX] Initialized MultithreadedTaskDispatcher with 12 workers.
 -> (artifact id: '5d5ed84c23cfffdcdbb55802a1a27b22') in 0.009797 seconds
Number of updated asset objects reloaded before import = 0
Number of asset objects unloaded after import = 1
========================================================================
Received Import Request.
  Time since last request: 0.000059 seconds.
  path: Assets/Audio/MotorAudio.wav
  artifactKey: Guid(03bf91d88fce91c41995d27de63cc967) Importer(2089858483,0ecaa5967403d082aa24f35e1b516d23)
Start importing Assets/Audio/MotorAudio.wav using Guid(03bf91d88fce91c41995d27de63cc967) Importer(2089858483,0ecaa5967403d082aa24f35e1b516d23) [PhysX] Initialized MultithreadedTaskDispatcher with 12 workers.
 -> (artifact id: '3c6d95e1b7df18cebbba84222753624e') in 0.027613 seconds
Number of updated asset objects reloaded before import = 0
Number of asset objects unloaded after import = 1
========================================================================
Received Import Request.
  Time since last request: 0.000017 seconds.
  path: Assets/TextMesh Pro/Shaders/TMP_SDF-Surface.shader
  artifactKey: Guid(f7ada0af4f174f0694ca6a487b8f543d) Importer(2089858483,0ecaa5967403d082aa24f35e1b516d23)
Start importing Assets/TextMesh Pro/Shaders/TMP_SDF-Surface.shader using Guid(f7ada0af4f174f0694ca6a487b8f543d) Importer(2089858483,0ecaa5967403d082aa24f35e1b516d23) [PhysX] Initialized MultithreadedTaskDispatcher with 12 workers.
 -> (artifact id: '1103d593c306c76975b0ea26add06988') in 0.008209 seconds
Number of updated asset objects reloaded before import = 0
Number of asset objects unloaded after import = 1
========================================================================
Received Import Request.
  Time since last request: 0.000018 seconds.
  path: Assets/TextMesh Pro/Shaders/TMPro_Properties.cginc
  artifactKey: Guid(3997e2241185407d80309a82f9148466) Importer(2089858483,0ecaa5967403d082aa24f35e1b516d23)
Start importing Assets/TextMesh Pro/Shaders/TMPro_Properties.cginc using Guid(3997e2241185407d80309a82f9148466) Importer(2089858483,0ecaa5967403d082aa24f35e1b516d23) [PhysX] Initialized MultithreadedTaskDispatcher with 12 workers.
 -> (artifact id: '4495c0d3c7ec132f857939cd051b4449') in 0.012350 seconds
Number of updated asset objects reloaded before import = 0
Number of asset objects unloaded after import = 1
========================================================================
Received Import Request.
  Time since last request: 0.000026 seconds.
  path: Assets/TextMesh Pro/Fonts/LiberationSans - OFL.txt
  artifactKey: Guid(6e59c59b81ab47f9b6ec5781fa725d2c) Importer(2089858483,0ecaa5967403d082aa24f35e1b516d23)
Start importing Assets/TextMesh Pro/Fonts/LiberationSans - OFL.txt using Guid(6e59c59b81ab47f9b6ec5781fa725d2c) Importer(2089858483,0ecaa5967403d082aa24f35e1b516d23) [PhysX] Initialized MultithreadedTaskDispatcher with 12 workers.
 -> (artifact id: '585b9b8de8728c1589302aa69a1fd8b7') in 0.011257 seconds
Number of updated asset objects reloaded before import = 0
Number of asset objects unloaded after import = 1
========================================================================
Received Import Request.
  Time since last request: 0.000012 seconds.
  path: Assets/Audio/SkidAudio.wav
  artifactKey: Guid(bd9566abdbf08834281bfb4ea8b92a5d) Importer(2089858483,0ecaa5967403d082aa24f35e1b516d23)
Start importing Assets/Audio/SkidAudio.wav using Guid(bd9566abdbf08834281bfb4ea8b92a5d) Importer(2089858483,0ecaa5967403d082aa24f35e1b516d23) [PhysX] Initialized MultithreadedTaskDispatcher with 12 workers.
 -> (artifact id: '139d5612bf7b457e020eb52b058e8440') in 0.028258 seconds
Number of updated asset objects reloaded before import = 0
Number of asset objects unloaded after import = 1
========================================================================
Received Import Request.
  Time since last request: 0.000016 seconds.
  path: Assets/Scripts/Commons/EffectPool.cs
  artifactKey: Guid(8847b3a21ef44b1c99f1a93ea422442c) Importer(2089858483,0ecaa5967403d082aa24f35e1b516d23)
Start importing Assets/Scripts/Commons/EffectPool.cs using Guid(8847b3a21ef44b1c99f1a93ea422442c) Importer(2089858483,0ecaa5967403d082aa24f35e1b516d23) [PhysX] Initialized MultithreadedTaskDispatcher with 12 workers.
 -> (artifact id: 'cd1912c677ce1786baebc76798366c27') in 0.008789 seconds
Number of updated asset objects reloaded before import = 0
Number of asset objects unloaded after import = 1
========================================================================
Received Import Request.
  Time since last request: 0.000016 seconds.
  path: Assets/Effects/Weapon/Materials/MuzzleFlash01.mat
  artifactKey: Guid(a8cb413d77ceb054abf10c2c6ee66337) Importer(2089858483,0ecaa5967403d082aa24f35e1b516d23)
Start importing Assets/Effects/Weapon/Materials/MuzzleFlash01.mat using Guid(a8cb413d77ceb054abf10c2c6ee66337) Importer(2089858483,0ecaa5967403d082aa24f35e1b516d23) [PhysX] Initialized MultithreadedTaskDispatcher with 12 workers.
 -> (artifact id: 'a04ddbe4cbfe548015aff1636f5f58ba') in 0.015180 seconds
Number of updated asset objects reloaded before import = 0
Number of asset objects unloaded after import = 2
========================================================================
Received Import Request.
  Time since last request: 0.000013 seconds.
  path: Assets/Effects/Smoke/Materials/Textures/Flame01.tif
  artifactKey: Guid(e2580e97efd2aa34580ef00fbec9a2d4) Importer(2089858483,0ecaa5967403d082aa24f35e1b516d23)
Start importing Assets/Effects/Smoke/Materials/Textures/Flame01.tif using Guid(e2580e97efd2aa34580ef00fbec9a2d4) Importer(2089858483,0ecaa5967403d082aa24f35e1b516d23) [PhysX] Initialized MultithreadedTaskDispatcher with 12 workers.
 -> (artifact id: '4bf942f2fff834217ffd0775c0b34669') in 0.014727 seconds
Number of updated asset objects reloaded before import = 0
Number of asset objects unloaded after import = 1
========================================================================
Received Import Request.
  Time since last request: 0.195694 seconds.
  path: Assets/Plugins/Zenject/Source/Editor/UnityInspectorListEditor.cs
  artifactKey: Guid(06d16f2f9107265428d41710db4cbb14) Importer(2089858483,0ecaa5967403d082aa24f35e1b516d23)
Start importing Assets/Plugins/Zenject/Source/Editor/UnityInspectorListEditor.cs using Guid(06d16f2f9107265428d41710db4cbb14) Importer(2089858483,0ecaa5967403d082aa24f35e1b516d23) [PhysX] Initialized MultithreadedTaskDispatcher with 12 workers.
 -> (artifact id: '072f6d7da1462410d7f55178a561aa3a') in 0.011009 seconds
Number of updated asset objects reloaded before import = 0
Number of asset objects unloaded after import = 1
========================================================================
Received Import Request.
  Time since last request: 0.000015 seconds.
  path: Assets/Plugins/Zenject/Source/Runtime/GuiRenderer.cs
  artifactKey: Guid(d6ee197c5aed3b048b76b82a9be3d094) Importer(2089858483,0ecaa5967403d082aa24f35e1b516d23)
Start importing Assets/Plugins/Zenject/Source/Runtime/GuiRenderer.cs using Guid(d6ee197c5aed3b048b76b82a9be3d094) Importer(2089858483,0ecaa5967403d082aa24f35e1b516d23) [PhysX] Initialized MultithreadedTaskDispatcher with 12 workers.
 -> (artifact id: 'ca4a41021d910929a9805bb24236c1a3') in 0.009722 seconds
Number of updated asset objects reloaded before import = 0
Number of asset objects unloaded after import = 1
========================================================================
Received Import Request.
  Time since last request: 0.000015 seconds.
  path: Assets/Plugins/Zenject/Source/Internal/ValuePair.cs
  artifactKey: Guid(a3c968adce0a9a24e949dc4eedb496e8) Importer(2089858483,0ecaa5967403d082aa24f35e1b516d23)
Start importing Assets/Plugins/Zenject/Source/Internal/ValuePair.cs using Guid(a3c968adce0a9a24e949dc4eedb496e8) Importer(2089858483,0ecaa5967403d082aa24f35e1b516d23) [PhysX] Initialized MultithreadedTaskDispatcher with 12 workers.
 -> (artifact id: '22a339f903b0c1bde621d592a20ca241') in 0.009843 seconds
Number of updated asset objects reloaded before import = 0
Number of asset objects unloaded after import = 1
========================================================================
Received Import Request.
  Time since last request: 0.000020 seconds.
  path: Assets/Plugins/Zenject/Source/Util/CheatSheet.cs
  artifactKey: Guid(1d2fc6db101e75248ab98ad463a99ffa) Importer(2089858483,0ecaa5967403d082aa24f35e1b516d23)
Start importing Assets/Plugins/Zenject/Source/Util/CheatSheet.cs using Guid(1d2fc6db101e75248ab98ad463a99ffa) Importer(2089858483,0ecaa5967403d082aa24f35e1b516d23) [PhysX] Initialized MultithreadedTaskDispatcher with 12 workers.
 -> (artifact id: 'c5c6c2bc6fc00d6217ea2cbd8230313b') in 0.008426 seconds
Number of updated asset objects reloaded before import = 0
Number of asset objects unloaded after import = 1
========================================================================
Received Import Request.
  Time since last request: 0.000014 seconds.
  path: Assets/Plugins/Zenject/Source/Providers/ResolveProvider.cs
  artifactKey: Guid(35df94e99ddd0c04c86cf0bcefa85ad8) Importer(2089858483,0ecaa5967403d082aa24f35e1b516d23)
Start importing Assets/Plugins/Zenject/Source/Providers/ResolveProvider.cs using Guid(35df94e99ddd0c04c86cf0bcefa85ad8) Importer(2089858483,0ecaa5967403d082aa24f35e1b516d23) [PhysX] Initialized MultithreadedTaskDispatcher with 12 workers.
 -> (artifact id: 'c0afd1e19b014ac24a7b2ca8ff3cfe10') in 0.008135 seconds
Number of updated asset objects reloaded before import = 0
Number of asset objects unloaded after import = 1
========================================================================
Received Import Request.
  Time since last request: 0.000017 seconds.
  path: Assets/Plugins/Zenject/Source/Util/ZenjectStateMachineBehaviourAutoInjecter.cs
  artifactKey: Guid(486c69818dffcd14f96ce64502516bbb) Importer(2089858483,0ecaa5967403d082aa24f35e1b516d23)
Start importing Assets/Plugins/Zenject/Source/Util/ZenjectStateMachineBehaviourAutoInjecter.cs using Guid(486c69818dffcd14f96ce64502516bbb) Importer(2089858483,0ecaa5967403d082aa24f35e1b516d23) [PhysX] Initialized MultithreadedTaskDispatcher with 12 workers.
 -> (artifact id: '4282c097423a89ab7cb419b98c938a4d') in 0.009426 seconds
Number of updated asset objects reloaded before import = 0
Number of asset objects unloaded after import = 1
========================================================================
Received Import Request.
  Time since last request: 0.000014 seconds.
  path: Assets/Models/Tank/Materials/Textures/CTF_TankFree/CTF_TankFree_Base_Color_Y.png
  artifactKey: Guid(7b1baffa1629b6544a703d71528da3a5) Importer(2089858483,0ecaa5967403d082aa24f35e1b516d23)
Start importing Assets/Models/Tank/Materials/Textures/CTF_TankFree/CTF_TankFree_Base_Color_Y.png using Guid(7b1baffa1629b6544a703d71528da3a5) Importer(2089858483,0ecaa5967403d082aa24f35e1b516d23) [PhysX] Initialized MultithreadedTaskDispatcher with 12 workers.
 -> (artifact id: '0f5e7a447d7e9f45475afc201ca5424e') in 0.013881 seconds
Number of updated asset objects reloaded before import = 0
Number of asset objects unloaded after import = 1
========================================================================
Received Import Request.
  Time since last request: 0.000015 seconds.
  path: Assets/Plugins/Zenject/Source/Providers/ResourceProvider.cs
  artifactKey: Guid(f16c8e5eed02ac8478e8c236c1677db3) Importer(2089858483,0ecaa5967403d082aa24f35e1b516d23)
Start importing Assets/Plugins/Zenject/Source/Providers/ResourceProvider.cs using Guid(f16c8e5eed02ac8478e8c236c1677db3) Importer(2089858483,0ecaa5967403d082aa24f35e1b516d23) [PhysX] Initialized MultithreadedTaskDispatcher with 12 workers.
 -> (artifact id: '02037dd6982cf73b29bd3ffc1b64624f') in 0.008187 seconds
Number of updated asset objects reloaded before import = 0
Number of asset objects unloaded after import = 1
========================================================================
Received Import Request.
  Time since last request: 0.000014 seconds.
  path: Assets/Plugins/Zenject/Source/Internal/Log.cs
  artifactKey: Guid(622a24d4c6769414495ea1786bfee872) Importer(2089858483,0ecaa5967403d082aa24f35e1b516d23)
Start importing Assets/Plugins/Zenject/Source/Internal/Log.cs using Guid(622a24d4c6769414495ea1786bfee872) Importer(2089858483,0ecaa5967403d082aa24f35e1b516d23) [PhysX] Initialized MultithreadedTaskDispatcher with 12 workers.
 -> (artifact id: '9b46a5a843ef545927e4fce390bdf1a3') in 0.007893 seconds
Number of updated asset objects reloaded before import = 0
Number of asset objects unloaded after import = 1
========================================================================
Received Import Request.
  Time since last request: 0.000018 seconds.
  path: Assets/Plugins/Zenject/Source/Factories/FactoryProviderWrapper.cs
  artifactKey: Guid(f1157303ef95f2448a355067327cb83a) Importer(2089858483,0ecaa5967403d082aa24f35e1b516d23)
Start importing Assets/Plugins/Zenject/Source/Factories/FactoryProviderWrapper.cs using Guid(f1157303ef95f2448a355067327cb83a) Importer(2089858483,0ecaa5967403d082aa24f35e1b516d23) [PhysX] Initialized MultithreadedTaskDispatcher with 12 workers.
 -> (artifact id: '13ff5bb0f4b76897adfad7078366d1f8') in 0.008207 seconds
Number of updated asset objects reloaded before import = 0
Number of asset objects unloaded after import = 1
========================================================================
Received Import Request.
  Time since last request: 0.000021 seconds.
  path: Assets/Plugins/Zenject/Source/Providers/ProviderUtil.cs
  artifactKey: Guid(278c72df466e8b049bc7ce6feb535cb1) Importer(2089858483,0ecaa5967403d082aa24f35e1b516d23)
Start importing Assets/Plugins/Zenject/Source/Providers/ProviderUtil.cs using Guid(278c72df466e8b049bc7ce6feb535cb1) Importer(2089858483,0ecaa5967403d082aa24f35e1b516d23) [PhysX] Initialized MultithreadedTaskDispatcher with 12 workers.
 -> (artifact id: '423e3565a94629dc78f2ee70b4910898') in 0.009203 seconds
Number of updated asset objects reloaded before import = 0
Number of asset objects unloaded after import = 1
========================================================================
Received Import Request.
  Time since last request: 0.000014 seconds.
  path: Assets/Plugins/Zenject/Source/Providers/ScriptableObjectInstanceProvider.cs
  artifactKey: Guid(dd4cee241217b5947b3a223dabefec0a) Importer(2089858483,0ecaa5967403d082aa24f35e1b516d23)
Start importing Assets/Plugins/Zenject/Source/Providers/ScriptableObjectInstanceProvider.cs using Guid(dd4cee241217b5947b3a223dabefec0a) Importer(2089858483,0ecaa5967403d082aa24f35e1b516d23) [PhysX] Initialized MultithreadedTaskDispatcher with 12 workers.
 -> (artifact id: '1c8d42999c3a31097c19d7a90aa93d79') in 0.010745 seconds
Number of updated asset objects reloaded before import = 0
Number of asset objects unloaded after import = 1
========================================================================
Received Import Request.
  Time since last request: 0.000014 seconds.
  path: Assets/Plugins/Zenject/Source/Usage/Zenject-usage.dll
  artifactKey: Guid(700aed094b237904eb96e963264dd6ff) Importer(2089858483,0ecaa5967403d082aa24f35e1b516d23)
Start importing Assets/Plugins/Zenject/Source/Usage/Zenject-usage.dll using Guid(700aed094b237904eb96e963264dd6ff) Importer(2089858483,0ecaa5967403d082aa24f35e1b516d23) [PhysX] Initialized MultithreadedTaskDispatcher with 12 workers.
 -> (artifact id: '52f8874437e81a612362c9295cd6d622') in 0.008657 seconds
Number of updated asset objects reloaded before import = 0
Number of asset objects unloaded after import = 1
========================================================================
Received Import Request.
  Time since last request: 0.000018 seconds.
  path: Assets/Plugins/Zenject/Source/Providers/IFactoryProvider.cs
  artifactKey: Guid(eaf07c2b7ad9f684dac7f1da2ee67f5c) Importer(2089858483,0ecaa5967403d082aa24f35e1b516d23)
Start importing Assets/Plugins/Zenject/Source/Providers/IFactoryProvider.cs using Guid(eaf07c2b7ad9f684dac7f1da2ee67f5c) Importer(2089858483,0ecaa5967403d082aa24f35e1b516d23) [PhysX] Initialized MultithreadedTaskDispatcher with 12 workers.
 -> (artifact id: '7ad8f9568e9333cb7dc7247fc85a893e') in 0.008964 seconds
Number of updated asset objects reloaded before import = 0
Number of asset objects unloaded after import = 1
========================================================================
Received Import Request.
  Time since last request: 0.000013 seconds.
  path: Assets/Plugins/Zenject/Source/Install/IInstaller.cs
  artifactKey: Guid(65a9d43edcbe33640989f12f980de5d1) Importer(2089858483,0ecaa5967403d082aa24f35e1b516d23)
Start importing Assets/Plugins/Zenject/Source/Install/IInstaller.cs using Guid(65a9d43edcbe33640989f12f980de5d1) Importer(2089858483,0ecaa5967403d082aa24f35e1b516d23) [PhysX] Initialized MultithreadedTaskDispatcher with 12 workers.
 -> (artifact id: '69f87b1b607152294bf513f74e5adaf9') in 0.010193 seconds
Number of updated asset objects reloaded before import = 0
Number of asset objects unloaded after import = 1
========================================================================
Received Import Request.
  Time since last request: 0.000022 seconds.
  path: Assets/Plugins/Zenject/Source/Install/MonoInstaller.cs
  artifactKey: Guid(724ff9f6c80e0b044b7db58730dc6075) Importer(2089858483,0ecaa5967403d082aa24f35e1b516d23)
Start importing Assets/Plugins/Zenject/Source/Install/MonoInstaller.cs using Guid(724ff9f6c80e0b044b7db58730dc6075) Importer(2089858483,0ecaa5967403d082aa24f35e1b516d23) [PhysX] Initialized MultithreadedTaskDispatcher with 12 workers.
 -> (artifact id: '43371df362d286d040cdce566599ab73') in 0.010344 seconds
Number of updated asset objects reloaded before import = 0
Number of asset objects unloaded after import = 1
========================================================================
Received Import Request.
  Time since last request: 0.000025 seconds.
  path: Assets/Plugins/Zenject/Source/Internal/TypeExtensions.cs
  artifactKey: Guid(2697c251f47f2bc40b32922c5a796f65) Importer(2089858483,0ecaa5967403d082aa24f35e1b516d23)
Start importing Assets/Plugins/Zenject/Source/Internal/TypeExtensions.cs using Guid(2697c251f47f2bc40b32922c5a796f65) Importer(2089858483,0ecaa5967403d082aa24f35e1b516d23) [PhysX] Initialized MultithreadedTaskDispatcher with 12 workers.
 -> (artifact id: 'bc409afd8ad971ed692ac6b86f5f3de9') in 0.010073 seconds
Number of updated asset objects reloaded before import = 0
Number of asset objects unloaded after import = 1
========================================================================
Received Import Request.
  Time since last request: 0.000015 seconds.
  path: Assets/Plugins/Zenject/Source/Providers/CachedProvider.cs
  artifactKey: Guid(e6e16beb21a2f0d4db901700c6ed3099) Importer(2089858483,0ecaa5967403d082aa24f35e1b516d23)
Start importing Assets/Plugins/Zenject/Source/Providers/CachedProvider.cs using Guid(e6e16beb21a2f0d4db901700c6ed3099) Importer(2089858483,0ecaa5967403d082aa24f35e1b516d23) [PhysX] Initialized MultithreadedTaskDispatcher with 12 workers.
 -> (artifact id: 'efb18c57f91de2d5db15c32c0533a78a') in 0.009682 seconds
Number of updated asset objects reloaded before import = 0
Number of asset objects unloaded after import = 1
========================================================================
Received Import Request.
  Time since last request: 0.000015 seconds.
  path: Assets/Plugins/Zenject/Source/Main/DiContainer.cs
  artifactKey: Guid(de4283f91e0232a4897afd2a0af141bc) Importer(2089858483,0ecaa5967403d082aa24f35e1b516d23)
Start importing Assets/Plugins/Zenject/Source/Main/DiContainer.cs using Guid(de4283f91e0232a4897afd2a0af141bc) Importer(2089858483,0ecaa5967403d082aa24f35e1b516d23) [PhysX] Initialized MultithreadedTaskDispatcher with 12 workers.
 -> (artifact id: '6c4d697f9fe5574e8417e92bf3c809bf') in 0.010098 seconds
Number of updated asset objects reloaded before import = 0
Number of asset objects unloaded after import = 1
========================================================================
Received Import Request.
  Time since last request: 0.000013 seconds.
  path: Assets/Plugins/Zenject/Source/Runtime/PoolableManager.cs
  artifactKey: Guid(aef2cb2ede47a96439cbb34a8935111a) Importer(2089858483,0ecaa5967403d082aa24f35e1b516d23)
Start importing Assets/Plugins/Zenject/Source/Runtime/PoolableManager.cs using Guid(aef2cb2ede47a96439cbb34a8935111a) Importer(2089858483,0ecaa5967403d082aa24f35e1b516d23) [PhysX] Initialized MultithreadedTaskDispatcher with 12 workers.
 -> (artifact id: '212b70f5b876d606874f0f4a69d62fec') in 0.010529 seconds
Number of updated asset objects reloaded before import = 0
Number of asset objects unloaded after import = 1
========================================================================
Received Import Request.
  Time since last request: 0.000017 seconds.
  path: Assets/Plugins/Zenject/Source/Util/ZenAutoInjecter.cs
  artifactKey: Guid(717a02054ef2699498e6bd4234fd7995) Importer(2089858483,0ecaa5967403d082aa24f35e1b516d23)
Start importing Assets/Plugins/Zenject/Source/Util/ZenAutoInjecter.cs using Guid(717a02054ef2699498e6bd4234fd7995) Importer(2089858483,0ecaa5967403d082aa24f35e1b516d23) [PhysX] Initialized MultithreadedTaskDispatcher with 12 workers.
 -> (artifact id: '694db22c9e3eb334be708e8a707999f9') in 0.011196 seconds
Number of updated asset objects reloaded before import = 0
Number of asset objects unloaded after import = 1
========================================================================
Received Import Request.
  Time since last request: 0.000015 seconds.
  path: Assets/Plugins/Zenject/Source/Runtime/TaskUpdater.cs
  artifactKey: Guid(4e52124c243adb44aaf26eed3a8413c8) Importer(2089858483,0ecaa5967403d082aa24f35e1b516d23)
Start importing Assets/Plugins/Zenject/Source/Runtime/TaskUpdater.cs using Guid(4e52124c243adb44aaf26eed3a8413c8) Importer(2089858483,0ecaa5967403d082aa24f35e1b516d23) [PhysX] Initialized MultithreadedTaskDispatcher with 12 workers.
 -> (artifact id: 'f1313976ff9b1ef2c599d36780038582') in 0.010017 seconds
Number of updated asset objects reloaded before import = 0
Number of asset objects unloaded after import = 1
========================================================================
Received Import Request.
  Time since last request: 0.000015 seconds.
  path: Assets/Models/Tank/Materials/Textures/CTF_TankFree/CTF_TankFree_Emission.png
  artifactKey: Guid(842e1df99dbfea64e8b3a908fb50d32f) Importer(2089858483,0ecaa5967403d082aa24f35e1b516d23)
Start importing Assets/Models/Tank/Materials/Textures/CTF_TankFree/CTF_TankFree_Emission.png using Guid(842e1df99dbfea64e8b3a908fb50d32f) Importer(2089858483,0ecaa5967403d082aa24f35e1b516d23) [PhysX] Initialized MultithreadedTaskDispatcher with 12 workers.
 -> (artifact id: 'b77d61ffbac569fbeee0eeb18d780bc3') in 0.015596 seconds
Number of updated asset objects reloaded before import = 0
Number of asset objects unloaded after import = 1
========================================================================
Received Import Request.
  Time since last request: 0.000017 seconds.
  path: Assets/Plugins/Zenject/Source/Util/ZenUtilInternal.cs
  artifactKey: Guid(401238e59d733ab48aaea1a582241b29) Importer(2089858483,0ecaa5967403d082aa24f35e1b516d23)
Start importing Assets/Plugins/Zenject/Source/Util/ZenUtilInternal.cs using Guid(401238e59d733ab48aaea1a582241b29) Importer(2089858483,0ecaa5967403d082aa24f35e1b516d23) [PhysX] Initialized MultithreadedTaskDispatcher with 12 workers.
 -> (artifact id: 'ab21e5a352ad8d70a8baf76572db10b0') in 0.009302 seconds
Number of updated asset objects reloaded before import = 0
Number of asset objects unloaded after import = 1
========================================================================
Received Import Request.
  Time since last request: 0.000015 seconds.
  path: Assets/Models/Tank/Materials/Textures/CTF_TankFree/CTF_TankFree_MetallicSmoothness.png
  artifactKey: Guid(050f134227276574f82a9b537f192e04) Importer(2089858483,0ecaa5967403d082aa24f35e1b516d23)
Start importing Assets/Models/Tank/Materials/Textures/CTF_TankFree/CTF_TankFree_MetallicSmoothness.png using Guid(050f134227276574f82a9b537f192e04) Importer(2089858483,0ecaa5967403d082aa24f35e1b516d23) [PhysX] Initialized MultithreadedTaskDispatcher with 12 workers.
 -> (artifact id: 'a231efeec76a063a9b9302bcb5e1f77b') in 0.016577 seconds
Number of updated asset objects reloaded before import = 0
Number of asset objects unloaded after import = 1
========================================================================
Received Import Request.
  Time since last request: 0.000040 seconds.
  path: Assets/Plugins/Zenject/Source/Install/ZenjectManagersInstaller.cs
  artifactKey: Guid(b05e95f8fed82b244b78a5e2df541713) Importer(2089858483,0ecaa5967403d082aa24f35e1b516d23)
Start importing Assets/Plugins/Zenject/Source/Install/ZenjectManagersInstaller.cs using Guid(b05e95f8fed82b244b78a5e2df541713) Importer(2089858483,0ecaa5967403d082aa24f35e1b516d23) [PhysX] Initialized MultithreadedTaskDispatcher with 12 workers.
 -> (artifact id: 'e532858937b92c3de5edeac73529bd92') in 0.010154 seconds
Number of updated asset objects reloaded before import = 0
Number of asset objects unloaded after import = 1
========================================================================
Received Import Request.
  Time since last request: 0.000018 seconds.
  path: Assets/Plugins/Zenject/Source/Util/ProfileBlock.cs
  artifactKey: Guid(952433523e6a6e445adc4ac7e2086e7d) Importer(2089858483,0ecaa5967403d082aa24f35e1b516d23)
Start importing Assets/Plugins/Zenject/Source/Util/ProfileBlock.cs using Guid(952433523e6a6e445adc4ac7e2086e7d) Importer(2089858483,0ecaa5967403d082aa24f35e1b516d23) [PhysX] Initialized MultithreadedTaskDispatcher with 12 workers.
 -> (artifact id: 'b203d62fbf0708342d95b9bec40da6fb') in 0.011135 seconds
Number of updated asset objects reloaded before import = 0
Number of asset objects unloaded after import = 1
========================================================================
Received Import Request.
  Time since last request: 0.000018 seconds.
  path: Assets/Plugins/Zenject/Source/Providers/ScriptableObjectResourceProvider.cs
  artifactKey: Guid(5753f1f4d468e7649b017dee98c6301d) Importer(2089858483,0ecaa5967403d082aa24f35e1b516d23)
Start importing Assets/Plugins/Zenject/Source/Providers/ScriptableObjectResourceProvider.cs using Guid(5753f1f4d468e7649b017dee98c6301d) Importer(2089858483,0ecaa5967403d082aa24f35e1b516d23) [PhysX] Initialized MultithreadedTaskDispatcher with 12 workers.
 -> (artifact id: '74318949bbc2cae6339dca9b21a9e50f') in 0.010601 seconds
Number of updated asset objects reloaded before import = 0
Number of asset objects unloaded after import = 1
========================================================================
Received Import Request.
  Time since last request: 0.000022 seconds.
  path: Assets/Plugins/Zenject/Source/Injection/InjectUtil.cs
  artifactKey: Guid(0ebfddbd9452a9c4cb6c9dfe7a25ea53) Importer(2089858483,0ecaa5967403d082aa24f35e1b516d23)
Start importing Assets/Plugins/Zenject/Source/Injection/InjectUtil.cs using Guid(0ebfddbd9452a9c4cb6c9dfe7a25ea53) Importer(2089858483,0ecaa5967403d082aa24f35e1b516d23) [PhysX] Initialized MultithreadedTaskDispatcher with 12 workers.
 -> (artifact id: '3ac3e58b5b48a3ce6cfb0747161b3c76') in 0.009917 seconds
Number of updated asset objects reloaded before import = 0
Number of asset objects unloaded after import = 1
========================================================================
Received Import Request.
  Time since last request: 0.000018 seconds.
  path: Assets/Plugins/Zenject/Source/Util/ReflectionInfoTypeInfoConverter.cs
  artifactKey: Guid(e36c348f078bc444fa1e5b22aca27bad) Importer(2089858483,0ecaa5967403d082aa24f35e1b516d23)
Start importing Assets/Plugins/Zenject/Source/Util/ReflectionInfoTypeInfoConverter.cs using Guid(e36c348f078bc444fa1e5b22aca27bad) Importer(2089858483,0ecaa5967403d082aa24f35e1b516d23) [PhysX] Initialized MultithreadedTaskDispatcher with 12 workers.
 -> (artifact id: '258ac191cae2e702baea637f5b72ddb9') in 0.011037 seconds
Number of updated asset objects reloaded before import = 0
Number of asset objects unloaded after import = 1
========================================================================
Received Import Request.
  Time since last request: 0.000017 seconds.
  path: Assets/Plugins/Zenject/Source/Util/DefaultGameObjectParentInstaller.cs
  artifactKey: Guid(dd79d0a4f0b28314cbd6701ff5ab9062) Importer(2089858483,0ecaa5967403d082aa24f35e1b516d23)
Start importing Assets/Plugins/Zenject/Source/Util/DefaultGameObjectParentInstaller.cs using Guid(dd79d0a4f0b28314cbd6701ff5ab9062) Importer(2089858483,0ecaa5967403d082aa24f35e1b516d23) [PhysX] Initialized MultithreadedTaskDispatcher with 12 workers.
 -> (artifact id: 'fa5b41bf61e24639272d7584cfab298f') in 0.010830 seconds
Number of updated asset objects reloaded before import = 0
Number of asset objects unloaded after import = 1
========================================================================
Received Import Request.
  Time since last request: 0.000016 seconds.
  path: Assets/Plugins/Zenject/Source/Install/Installer.cs
  artifactKey: Guid(743eef94d86c79e4189b311a7c7528ce) Importer(2089858483,0ecaa5967403d082aa24f35e1b516d23)
Start importing Assets/Plugins/Zenject/Source/Install/Installer.cs using Guid(743eef94d86c79e4189b311a7c7528ce) Importer(2089858483,0ecaa5967403d082aa24f35e1b516d23) [PhysX] Initialized MultithreadedTaskDispatcher with 12 workers.
 -> (artifact id: 'e5ba6828af194511540b867bc3a941a0') in 0.010814 seconds
Number of updated asset objects reloaded before import = 0
Number of asset objects unloaded after import = 1
========================================================================
Received Import Request.
  Time since last request: 0.157137 seconds.
  path: Assets/Plugins/Zenject/Source/Binding/Binders/ConditionCopyNonLazyBinder.cs
  artifactKey: Guid(a638543bf618ed94fb418f48d9ea9329) Importer(2089858483,0ecaa5967403d082aa24f35e1b516d23)
Start importing Assets/Plugins/Zenject/Source/Binding/Binders/ConditionCopyNonLazyBinder.cs using Guid(a638543bf618ed94fb418f48d9ea9329) Importer(2089858483,0ecaa5967403d082aa24f35e1b516d23) [PhysX] Initialized MultithreadedTaskDispatcher with 12 workers.
 -> (artifact id: '888507f559a40eaa5d393ffa554b09ce') in 0.011800 seconds
Number of updated asset objects reloaded before import = 0
Number of asset objects unloaded after import = 1
========================================================================
Received Import Request.
  Time since last request: 0.000019 seconds.
  path: Assets/Plugins/Zenject/Source/Providers/GameObjectProviders/PrefabGameObjectProvider.cs
  artifactKey: Guid(d776b7406750d7f4c816cd0c03e4e254) Importer(2089858483,0ecaa5967403d082aa24f35e1b516d23)
Start importing Assets/Plugins/Zenject/Source/Providers/GameObjectProviders/PrefabGameObjectProvider.cs using Guid(d776b7406750d7f4c816cd0c03e4e254) Importer(2089858483,0ecaa5967403d082aa24f35e1b516d23) [PhysX] Initialized MultithreadedTaskDispatcher with 12 workers.
 -> (artifact id: 'e106ce241d848c32e03274a7ea08e946') in 0.010999 seconds
Number of updated asset objects reloaded before import = 0
Number of asset objects unloaded after import = 1
========================================================================
Received Import Request.
  Time since last request: 0.000014 seconds.
  path: Assets/Plugins/Zenject/Source/Providers/PrefabCreators/PrefabInstantiatorCached.cs
  artifactKey: Guid(293ee607ccfdf63458a26d0e6bdebaaa) Importer(2089858483,0ecaa5967403d082aa24f35e1b516d23)
Start importing Assets/Plugins/Zenject/Source/Providers/PrefabCreators/PrefabInstantiatorCached.cs using Guid(293ee607ccfdf63458a26d0e6bdebaaa) Importer(2089858483,0ecaa5967403d082aa24f35e1b516d23) [PhysX] Initialized MultithreadedTaskDispatcher with 12 workers.
 -> (artifact id: '18ceda48aa9ac3c2d31b2acefdd72236') in 0.010759 seconds
Number of updated asset objects reloaded before import = 0
Number of asset objects unloaded after import = 1
========================================================================
Received Import Request.
  Time since last request: 0.000014 seconds.
  path: Assets/Plugins/Zenject/Source/Factories/Pooling/MonoMemoryPool.cs
  artifactKey: Guid(1334aecb808e6c145a993cb441f43bdb) Importer(2089858483,0ecaa5967403d082aa24f35e1b516d23)
Start importing Assets/Plugins/Zenject/Source/Factories/Pooling/MonoMemoryPool.cs using Guid(1334aecb808e6c145a993cb441f43bdb) Importer(2089858483,0ecaa5967403d082aa24f35e1b516d23) [PhysX] Initialized MultithreadedTaskDispatcher with 12 workers.
 -> (artifact id: 'f3df0d4b21e5ffef3a5a11381932cedd') in 0.009445 seconds
Number of updated asset objects reloaded before import = 0
Number of asset objects unloaded after import = 1
========================================================================
Received Import Request.
  Time since last request: 0.000017 seconds.
  path: Assets/Plugins/Zenject/Source/Providers/GameObjectProviders/EmptyGameObjectProvider.cs
  artifactKey: Guid(f8f4db421196f5849b2139200fdea1a3) Importer(2089858483,0ecaa5967403d082aa24f35e1b516d23)
Start importing Assets/Plugins/Zenject/Source/Providers/GameObjectProviders/EmptyGameObjectProvider.cs using Guid(f8f4db421196f5849b2139200fdea1a3) Importer(2089858483,0ecaa5967403d082aa24f35e1b516d23) [PhysX] Initialized MultithreadedTaskDispatcher with 12 workers.
 -> (artifact id: '680f33073ea07f5fd3fa6d060d4c9065') in 0.009357 seconds
Number of updated asset objects reloaded before import = 0
Number of asset objects unloaded after import = 1
========================================================================
Received Import Request.
  Time since last request: 0.000017 seconds.
  path: Assets/Plugins/Zenject/Source/Binding/BindInfo/MemoryPoolBindInfo.cs
  artifactKey: Guid(3f8798fbf64bca945a7be04615c08c4f) Importer(2089858483,0ecaa5967403d082aa24f35e1b516d23)
Start importing Assets/Plugins/Zenject/Source/Binding/BindInfo/MemoryPoolBindInfo.cs using Guid(3f8798fbf64bca945a7be04615c08c4f) Importer(2089858483,0ecaa5967403d082aa24f35e1b516d23) [PhysX] Initialized MultithreadedTaskDispatcher with 12 workers.
 -> (artifact id: '25a64f1f01e26a66bc7724fb6917c9ed') in 0.009122 seconds
Number of updated asset objects reloaded before import = 0
Number of asset objects unloaded after import = 1
========================================================================
Received Import Request.
  Time since last request: 0.000017 seconds.
  path: Assets/Plugins/Zenject/Source/Binding/Binders/ConcreteBinders/ConcreteBinderNonGeneric.cs
  artifactKey: Guid(b04935d23b1499e42a242d63a3fe248b) Importer(2089858483,0ecaa5967403d082aa24f35e1b516d23)
Start importing Assets/Plugins/Zenject/Source/Binding/Binders/ConcreteBinders/ConcreteBinderNonGeneric.cs using Guid(b04935d23b1499e42a242d63a3fe248b) Importer(2089858483,0ecaa5967403d082aa24f35e1b516d23) [PhysX] Initialized MultithreadedTaskDispatcher with 12 workers.
 -> (artifact id: '49db7961758541741f0f5af055acefc2') in 0.009339 seconds
Number of updated asset objects reloaded before import = 0
Number of asset objects unloaded after import = 1
========================================================================
Received Import Request.
  Time since last request: 0.000027 seconds.
  path: Assets/Plugins/Zenject/Source/Binding/Binders/ConcreteBinders/ConcreteIdBinderNonGeneric.cs
  artifactKey: Guid(1251d518904c9574897614d756f76756) Importer(2089858483,0ecaa5967403d082aa24f35e1b516d23)
Start importing Assets/Plugins/Zenject/Source/Binding/Binders/ConcreteBinders/ConcreteIdBinderNonGeneric.cs using Guid(1251d518904c9574897614d756f76756) Importer(2089858483,0ecaa5967403d082aa24f35e1b516d23) [PhysX] Initialized MultithreadedTaskDispatcher with 12 workers.
 -> (artifact id: 'ac9dbd1c86c067bed94985b63ef86d4f') in 0.009313 seconds
Number of updated asset objects reloaded before import = 0
Number of asset objects unloaded after import = 1
========================================================================
Received Import Request.
  Time since last request: 0.000014 seconds.
  path: Assets/Plugins/Zenject/Source/Providers/SubContainerCreators/SubContainerCreatorByInstanceGetter.cs
  artifactKey: Guid(164cf97cfe8f32441beb85b9b3c05868) Importer(2089858483,0ecaa5967403d082aa24f35e1b516d23)
Start importing Assets/Plugins/Zenject/Source/Providers/SubContainerCreators/SubContainerCreatorByInstanceGetter.cs using Guid(164cf97cfe8f32441beb85b9b3c05868) Importer(2089858483,0ecaa5967403d082aa24f35e1b516d23) [PhysX] Initialized MultithreadedTaskDispatcher with 12 workers.
 -> (artifact id: '3410386dcf0e067c5bc25f404a18d9a1') in 0.010235 seconds
Number of updated asset objects reloaded before import = 0
Number of asset objects unloaded after import = 1
========================================================================
Received Import Request.
  Time since last request: 0.000015 seconds.
  path: Assets/Plugins/Zenject/Source/Binding/Binders/InstantiateCallbackConditionCopyNonLazyBinder.cs
  artifactKey: Guid(0711425cf187dd94ea21d8ed6f38d981) Importer(2089858483,0ecaa5967403d082aa24f35e1b516d23)
Start importing Assets/Plugins/Zenject/Source/Binding/Binders/InstantiateCallbackConditionCopyNonLazyBinder.cs using Guid(0711425cf187dd94ea21d8ed6f38d981) Importer(2089858483,0ecaa5967403d082aa24f35e1b516d23) [PhysX] Initialized MultithreadedTaskDispatcher with 12 workers.
 -> (artifact id: 'f0f729ab3e0a3fdce6f732669f1373d2') in 0.010055 seconds
Number of updated asset objects reloaded before import = 0
Number of asset objects unloaded after import = 1
========================================================================
Received Import Request.
  Time since last request: 0.000015 seconds.
  path: Assets/Plugins/Zenject/Source/Binding/Binders/Factory/FactoryArgumentsToChoiceBinder/FactoryArgumentsToChoiceBinder3.cs
  artifactKey: Guid(667d9c959f8ba004f86c8202d637f9ce) Importer(2089858483,0ecaa5967403d082aa24f35e1b516d23)
Start importing Assets/Plugins/Zenject/Source/Binding/Binders/Factory/FactoryArgumentsToChoiceBinder/FactoryArgumentsToChoiceBinder3.cs using Guid(667d9c959f8ba004f86c8202d637f9ce) Importer(2089858483,0ecaa5967403d082aa24f35e1b516d23) [PhysX] Initialized MultithreadedTaskDispatcher with 12 workers.
 -> (artifact id: '20d0fd274525c8f3beb36ccec24c7b0b') in 0.009753 seconds
Number of updated asset objects reloaded before import = 0
Number of asset objects unloaded after import = 1
========================================================================
Received Import Request.
  Time since last request: 0.000015 seconds.
  path: Assets/Plugins/Zenject/Source/Binding/Binders/Factory/FactoryFromBinder/FactoryFromBinder6.cs
  artifactKey: Guid(b79f4e548e208b1418f013d2fdb0e076) Importer(2089858483,0ecaa5967403d082aa24f35e1b516d23)
Start importing Assets/Plugins/Zenject/Source/Binding/Binders/Factory/FactoryFromBinder/FactoryFromBinder6.cs using Guid(b79f4e548e208b1418f013d2fdb0e076) Importer(2089858483,0ecaa5967403d082aa24f35e1b516d23) [PhysX] Initialized MultithreadedTaskDispatcher with 12 workers.
 -> (artifact id: '5a238b3760f5e21e1aa5cdb4e6afaa19') in 0.009116 seconds
Number of updated asset objects reloaded before import = 0
Number of asset objects unloaded after import = 1
========================================================================
Received Import Request.
  Time since last request: 0.000014 seconds.
  path: Assets/Plugins/Zenject/Source/Providers/ComponentProviders/AddToGameObjectComponentProviders/AddToNewGameObjectComponentProvider.cs
  artifactKey: Guid(6e1085d337c03dd42a1d5493c11d9d23) Importer(2089858483,0ecaa5967403d082aa24f35e1b516d23)
Start importing Assets/Plugins/Zenject/Source/Providers/ComponentProviders/AddToGameObjectComponentProviders/AddToNewGameObjectComponentProvider.cs using Guid(6e1085d337c03dd42a1d5493c11d9d23) Importer(2089858483,0ecaa5967403d082aa24f35e1b516d23) [PhysX] Initialized MultithreadedTaskDispatcher with 12 workers.
 -> (artifact id: 'c822a4a4de241fd164ecc3883b292d71') in 0.010510 seconds
Number of updated asset objects reloaded before import = 0
Number of asset objects unloaded after import = 1
========================================================================
Received Import Request.
  Time since last request: 0.000014 seconds.
  path: Assets/Plugins/Zenject/Source/Binding/Binders/NonLazyBinder.cs
  artifactKey: Guid(58c27840cbeb2fa4695b09d536809bb2) Importer(2089858483,0ecaa5967403d082aa24f35e1b516d23)
Start importing Assets/Plugins/Zenject/Source/Binding/Binders/NonLazyBinder.cs using Guid(58c27840cbeb2fa4695b09d536809bb2) Importer(2089858483,0ecaa5967403d082aa24f35e1b516d23) [PhysX] Initialized MultithreadedTaskDispatcher with 12 workers.
 -> (artifact id: 'ee959294cd59df7308a1abc6b0ee46df') in 0.009872 seconds
Number of updated asset objects reloaded before import = 0
Number of asset objects unloaded after import = 1
========================================================================
Received Import Request.
  Time since last request: 0.000016 seconds.
  path: Assets/Plugins/Zenject/Source/Binding/Binders/GameObject/TransformScopeConcreteIdArgConditionCopyNonLazyBinder.cs
  artifactKey: Guid(d6441d2557329b14b8a80a6d3c490e9b) Importer(2089858483,0ecaa5967403d082aa24f35e1b516d23)
Start importing Assets/Plugins/Zenject/Source/Binding/Binders/GameObject/TransformScopeConcreteIdArgConditionCopyNonLazyBinder.cs using Guid(d6441d2557329b14b8a80a6d3c490e9b) Importer(2089858483,0ecaa5967403d082aa24f35e1b516d23) [PhysX] Initialized MultithreadedTaskDispatcher with 12 workers.
 -> (artifact id: 'af138338e95d2e5cefca72f0823f45fe') in 0.010389 seconds
Number of updated asset objects reloaded before import = 0
Number of asset objects unloaded after import = 1
========================================================================
Received Import Request.
  Time since last request: 0.000015 seconds.
  path: Assets/Plugins/Zenject/Source/Providers/SubContainerCreators/ISubContainerCreator.cs
  artifactKey: Guid(83273a08f84aa9a48b37fe0b1bae0958) Importer(2089858483,0ecaa5967403d082aa24f35e1b516d23)
Start importing Assets/Plugins/Zenject/Source/Providers/SubContainerCreators/ISubContainerCreator.cs using Guid(83273a08f84aa9a48b37fe0b1bae0958) Importer(2089858483,0ecaa5967403d082aa24f35e1b516d23) [PhysX] Initialized MultithreadedTaskDispatcher with 12 workers.
 -> (artifact id: 'c83a07cef3a32143356b1aa61454fc6b') in 0.010368 seconds
Number of updated asset objects reloaded before import = 0
Number of asset objects unloaded after import = 1
========================================================================
Received Import Request.
  Time since last request: 0.000015 seconds.
  path: Assets/Plugins/Zenject/Source/Install/Contexts/SceneDecoratorContext.cs
  artifactKey: Guid(ed7323e8fdd8c26438c6485f2060dad0) Importer(2089858483,0ecaa5967403d082aa24f35e1b516d23)
Start importing Assets/Plugins/Zenject/Source/Install/Contexts/SceneDecoratorContext.cs using Guid(ed7323e8fdd8c26438c6485f2060dad0) Importer(2089858483,0ecaa5967403d082aa24f35e1b516d23) [PhysX] Initialized MultithreadedTaskDispatcher with 12 workers.
 -> (artifact id: 'b50fd65a0381c27b71cb98849c04c3e2') in 0.009850 seconds
Number of updated asset objects reloaded before import = 0
Number of asset objects unloaded after import = 1
========================================================================
Received Import Request.
  Time since last request: 0.000015 seconds.
  path: Assets/Plugins/Zenject/Source/Binding/Binders/Factory/Pooling/MemoryPoolExpandBinder.cs
  artifactKey: Guid(95b7c7be81364a740b952460f5a07bbf) Importer(2089858483,0ecaa5967403d082aa24f35e1b516d23)
Start importing Assets/Plugins/Zenject/Source/Binding/Binders/Factory/Pooling/MemoryPoolExpandBinder.cs using Guid(95b7c7be81364a740b952460f5a07bbf) Importer(2089858483,0ecaa5967403d082aa24f35e1b516d23) [PhysX] Initialized MultithreadedTaskDispatcher with 12 workers.
 -> (artifact id: '2ec27b896df1251834a421d6afeb3a5f') in 0.009185 seconds
Number of updated asset objects reloaded before import = 0
Number of asset objects unloaded after import = 1
========================================================================
Received Import Request.
  Time since last request: 0.000013 seconds.
  path: Assets/Plugins/Zenject/Source/Binding/Binders/SubContainerBinder.cs
  artifactKey: Guid(4d1fcd1593b05194a82073206057613e) Importer(2089858483,0ecaa5967403d082aa24f35e1b516d23)
Start importing Assets/Plugins/Zenject/Source/Binding/Binders/SubContainerBinder.cs using Guid(4d1fcd1593b05194a82073206057613e) Importer(2089858483,0ecaa5967403d082aa24f35e1b516d23) [PhysX] Initialized MultithreadedTaskDispatcher with 12 workers.
 -> (artifact id: 'f11ce19f0ea2b6424899d4526c2a4c6b') in 0.009977 seconds
Number of updated asset objects reloaded before import = 0
Number of asset objects unloaded after import = 1
========================================================================
Received Import Request.
  Time since last request: 0.000016 seconds.
  path: Assets/Plugins/Zenject/Source/Providers/SubContainerCreators/SubContainerCreatorByNewPrefabWithParams.cs
  artifactKey: Guid(07cb33e44f032a840a46b8b699927d0a) Importer(2089858483,0ecaa5967403d082aa24f35e1b516d23)
Start importing Assets/Plugins/Zenject/Source/Providers/SubContainerCreators/SubContainerCreatorByNewPrefabWithParams.cs using Guid(07cb33e44f032a840a46b8b699927d0a) Importer(2089858483,0ecaa5967403d082aa24f35e1b516d23) [PhysX] Initialized MultithreadedTaskDispatcher with 12 workers.
 -> (artifact id: '59582402cd236a24ecd53dd81ae0a5fb') in 0.009903 seconds
Number of updated asset objects reloaded before import = 0
Number of asset objects unloaded after import = 1
========================================================================
Received Import Request.
  Time since last request: 0.000016 seconds.
  path: Assets/Plugins/Zenject/Source/Editor/Editors/SceneDecoratorContextEditor.cs
  artifactKey: Guid(d2b9289e80031104295e10acf518d75a) Importer(2089858483,0ecaa5967403d082aa24f35e1b516d23)
Start importing Assets/Plugins/Zenject/Source/Editor/Editors/SceneDecoratorContextEditor.cs using Guid(d2b9289e80031104295e10acf518d75a) Importer(2089858483,0ecaa5967403d082aa24f35e1b516d23) [PhysX] Initialized MultithreadedTaskDispatcher with 12 workers.
 -> (artifact id: '88a553892a42eec294303d525c964510') in 0.009977 seconds
Number of updated asset objects reloaded before import = 0
Number of asset objects unloaded after import = 1
========================================================================
Received Import Request.
  Time since last request: 0.000016 seconds.
  path: Assets/Plugins/Zenject/Source/Binding/Binders/Factory/FactoryToChoiceIdBinder/FactoryToChoiceIdBinder6.cs
  artifactKey: Guid(b60ae0cff4748ec43b6cb040b0f3a728) Importer(2089858483,0ecaa5967403d082aa24f35e1b516d23)
Start importing Assets/Plugins/Zenject/Source/Binding/Binders/Factory/FactoryToChoiceIdBinder/FactoryToChoiceIdBinder6.cs using Guid(b60ae0cff4748ec43b6cb040b0f3a728) Importer(2089858483,0ecaa5967403d082aa24f35e1b516d23) [PhysX] Initialized MultithreadedTaskDispatcher with 12 workers.
 -> (artifact id: '6e6908206be157c21f700cc32747cd00') in 0.009452 seconds
Number of updated asset objects reloaded before import = 0
Number of asset objects unloaded after import = 1
========================================================================
Received Import Request.
  Time since last request: 0.000019 seconds.
  path: Assets/Plugins/Zenject/Source/Runtime/AnimatorInterfaces/AnimatorIkHandlerManager.cs
  artifactKey: Guid(34ee2459debfb734d968c54ced01b9af) Importer(2089858483,0ecaa5967403d082aa24f35e1b516d23)
Start importing Assets/Plugins/Zenject/Source/Runtime/AnimatorInterfaces/AnimatorIkHandlerManager.cs using Guid(34ee2459debfb734d968c54ced01b9af) Importer(2089858483,0ecaa5967403d082aa24f35e1b516d23) [PhysX] Initialized MultithreadedTaskDispatcher with 12 workers.
 -> (artifact id: 'd7ff974c66bc9b80e0406b4c780b560e') in 0.009767 seconds
Number of updated asset objects reloaded before import = 0
Number of asset objects unloaded after import = 1
========================================================================
Received Import Request.
  Time since last request: 0.000015 seconds.
  path: Assets/Plugins/Zenject/Source/Binding/BindInfo/GameObjectCreationParameters.cs
  artifactKey: Guid(2b708f7f76ea5574e9a39b60cc5a8238) Importer(2089858483,0ecaa5967403d082aa24f35e1b516d23)
Start importing Assets/Plugins/Zenject/Source/Binding/BindInfo/GameObjectCreationParameters.cs using Guid(2b708f7f76ea5574e9a39b60cc5a8238) Importer(2089858483,0ecaa5967403d082aa24f35e1b516d23) [PhysX] Initialized MultithreadedTaskDispatcher with 12 workers.
 -> (artifact id: '60a7006d39149392ae3b74775c76fcd7') in 0.009444 seconds
Number of updated asset objects reloaded before import = 0
Number of asset objects unloaded after import = 1
========================================================================
Received Import Request.
  Time since last request: 0.000015 seconds.
  path: Assets/Plugins/Zenject/Source/Runtime/Kernels/ProjectKernel.cs
  artifactKey: Guid(374b2cd725ea28a46a6377959bb73c9c) Importer(2089858483,0ecaa5967403d082aa24f35e1b516d23)
Start importing Assets/Plugins/Zenject/Source/Runtime/Kernels/ProjectKernel.cs using Guid(374b2cd725ea28a46a6377959bb73c9c) Importer(2089858483,0ecaa5967403d082aa24f35e1b516d23) [PhysX] Initialized MultithreadedTaskDispatcher with 12 workers.
 -> (artifact id: '5a8dedd79270991e98e31c3b72ce73d5') in 0.009419 seconds
Number of updated asset objects reloaded before import = 0
Number of asset objects unloaded after import = 1
========================================================================
Received Import Request.
  Time since last request: 0.000016 seconds.
  path: Assets/Plugins/Zenject/Source/Binding/Finalizers/PrefabResourceBindingFinalizer.cs
  artifactKey: Guid(b851ccfb909f66c4587d694f6e37b279) Importer(2089858483,0ecaa5967403d082aa24f35e1b516d23)
Start importing Assets/Plugins/Zenject/Source/Binding/Finalizers/PrefabResourceBindingFinalizer.cs using Guid(b851ccfb909f66c4587d694f6e37b279) Importer(2089858483,0ecaa5967403d082aa24f35e1b516d23) [PhysX] Initialized MultithreadedTaskDispatcher with 12 workers.
 -> (artifact id: '5a234e1453c6c35c1572e8ab4928996b') in 0.010056 seconds
Number of updated asset objects reloaded before import = 0
Number of asset objects unloaded after import = 1
========================================================================
Received Import Request.
  Time since last request: 0.000014 seconds.
  path: Assets/Plugins/Zenject/Source/Binding/Binders/Factory/FactoryToChoiceBinder/FactoryToChoiceBinder0.cs
  artifactKey: Guid(98bc5c26f28a00544afe116adee67cc2) Importer(2089858483,0ecaa5967403d082aa24f35e1b516d23)
Start importing Assets/Plugins/Zenject/Source/Binding/Binders/Factory/FactoryToChoiceBinder/FactoryToChoiceBinder0.cs using Guid(98bc5c26f28a00544afe116adee67cc2) Importer(2089858483,0ecaa5967403d082aa24f35e1b516d23) [PhysX] Initialized MultithreadedTaskDispatcher with 12 workers.
 -> (artifact id: 'e7084f8e0f0deb0f10ba5ad5b8d56845') in 0.009450 seconds
Number of updated asset objects reloaded before import = 0
Number of asset objects unloaded after import = 1
========================================================================
Received Import Request.
  Time since last request: 0.000016 seconds.
  path: Assets/Plugins/Zenject/Source/Binding/Binders/Conventions/ConventionSelectTypesBinder.cs
  artifactKey: Guid(05d17b3e7f09bc44f8be86e01642ee8d) Importer(2089858483,0ecaa5967403d082aa24f35e1b516d23)
Start importing Assets/Plugins/Zenject/Source/Binding/Binders/Conventions/ConventionSelectTypesBinder.cs using Guid(05d17b3e7f09bc44f8be86e01642ee8d) Importer(2089858483,0ecaa5967403d082aa24f35e1b516d23) [PhysX] Initialized MultithreadedTaskDispatcher with 12 workers.
 -> (artifact id: '0bce2cbf935013dcab0288737d9dd59c') in 0.009424 seconds
Number of updated asset objects reloaded before import = 0
Number of asset objects unloaded after import = 1
========================================================================
Received Import Request.
  Time since last request: 0.000015 seconds.
  path: Assets/Plugins/Zenject/Source/Binding/Binders/Factory/FactoryFromBinder/FactoryFromBinder4.cs
  artifactKey: Guid(e67ee9caa78de914a9c727a607c3d8c0) Importer(2089858483,0ecaa5967403d082aa24f35e1b516d23)
Start importing Assets/Plugins/Zenject/Source/Binding/Binders/Factory/FactoryFromBinder/FactoryFromBinder4.cs using Guid(e67ee9caa78de914a9c727a607c3d8c0) Importer(2089858483,0ecaa5967403d082aa24f35e1b516d23) [PhysX] Initialized MultithreadedTaskDispatcher with 12 workers.
 -> (artifact id: '8dd9b1d72ac780ea6bf1b9e922f48b2d') in 0.009042 seconds
Number of updated asset objects reloaded before import = 0
Number of asset objects unloaded after import = 1
========================================================================
Received Import Request.
  Time since last request: 0.000023 seconds.
  path: Assets/Plugins/Zenject/Source/Binding/Binders/ScopeConcreteIdArgConditionCopyNonLazyBinder.cs
  artifactKey: Guid(5a71e3efc6d683d4cbc3b881bc4e2772) Importer(2089858483,0ecaa5967403d082aa24f35e1b516d23)
Start importing Assets/Plugins/Zenject/Source/Binding/Binders/ScopeConcreteIdArgConditionCopyNonLazyBinder.cs using Guid(5a71e3efc6d683d4cbc3b881bc4e2772) Importer(2089858483,0ecaa5967403d082aa24f35e1b516d23) [PhysX] Initialized MultithreadedTaskDispatcher with 12 workers.
 -> (artifact id: '2335ab6b096c39154e43df04c96cb3d7') in 0.010165 seconds
Number of updated asset objects reloaded before import = 0
Number of asset objects unloaded after import = 1
========================================================================
Received Import Request.
  Time since last request: 0.000014 seconds.
  path: Assets/Plugins/Zenject/Source/Runtime/Kernels/Kernel.cs
  artifactKey: Guid(8a25347f1a9a6b544b4ef8b643824a6f) Importer(2089858483,0ecaa5967403d082aa24f35e1b516d23)
Start importing Assets/Plugins/Zenject/Source/Runtime/Kernels/Kernel.cs using Guid(8a25347f1a9a6b544b4ef8b643824a6f) Importer(2089858483,0ecaa5967403d082aa24f35e1b516d23) [PhysX] Initialized MultithreadedTaskDispatcher with 12 workers.
 -> (artifact id: '12cd0b7750560c5834d9678c278983df') in 0.009065 seconds
Number of updated asset objects reloaded before import = 0
Number of asset objects unloaded after import = 1
========================================================================
Received Import Request.
  Time since last request: 0.000014 seconds.
  path: Assets/Plugins/Zenject/Source/Providers/PrefabProviders/PrefabProviderCustom.cs
  artifactKey: Guid(f6f578cfe9da346348878e4a26617ee0) Importer(2089858483,0ecaa5967403d082aa24f35e1b516d23)
Start importing Assets/Plugins/Zenject/Source/Providers/PrefabProviders/PrefabProviderCustom.cs using Guid(f6f578cfe9da346348878e4a26617ee0) Importer(2089858483,0ecaa5967403d082aa24f35e1b516d23) [PhysX] Initialized MultithreadedTaskDispatcher with 12 workers.
 -> (artifact id: '83d06f35a9faf17ae89df708ace5a961') in 0.009701 seconds
Number of updated asset objects reloaded before import = 0
Number of asset objects unloaded after import = 1
========================================================================
Received Import Request.
  Time since last request: 0.000016 seconds.
  path: Assets/Plugins/Zenject/Source/Install/Contexts/StaticContext.cs
  artifactKey: Guid(668a9feb769954340b35901a0c829397) Importer(2089858483,0ecaa5967403d082aa24f35e1b516d23)
Start importing Assets/Plugins/Zenject/Source/Install/Contexts/StaticContext.cs using Guid(668a9feb769954340b35901a0c829397) Importer(2089858483,0ecaa5967403d082aa24f35e1b516d23) [PhysX] Initialized MultithreadedTaskDispatcher with 12 workers.
 -> (artifact id: '28e8b041edc9c5c0f90cf343a1232235') in 0.009500 seconds
Number of updated asset objects reloaded before import = 0
Number of asset objects unloaded after import = 1
========================================================================
Received Import Request.
  Time since last request: 0.000016 seconds.
  path: Assets/Plugins/Zenject/Source/Binding/Finalizers/SingleProviderBindingFinalizer.cs
  artifactKey: Guid(deaa9a3ee9e42a8448bba948495b9225) Importer(2089858483,0ecaa5967403d082aa24f35e1b516d23)
Start importing Assets/Plugins/Zenject/Source/Binding/Finalizers/SingleProviderBindingFinalizer.cs using Guid(deaa9a3ee9e42a8448bba948495b9225) Importer(2089858483,0ecaa5967403d082aa24f35e1b516d23) [PhysX] Initialized MultithreadedTaskDispatcher with 12 workers.
 -> (artifact id: '2c7f6a4330b5e88744a5955452a32ffd') in 0.009769 seconds
Number of updated asset objects reloaded before import = 0
Number of asset objects unloaded after import = 1
========================================================================
Received Import Request.
  Time since last request: 0.000018 seconds.
  path: Assets/Plugins/Zenject/Source/Binding/Binders/Factory/FactoryFromBinder/FactoryFromBinder3.cs
  artifactKey: Guid(4eb3a4d5d01c55748b43f48a1da3c7b6) Importer(2089858483,0ecaa5967403d082aa24f35e1b516d23)
Start importing Assets/Plugins/Zenject/Source/Binding/Binders/Factory/FactoryFromBinder/FactoryFromBinder3.cs using Guid(4eb3a4d5d01c55748b43f48a1da3c7b6) Importer(2089858483,0ecaa5967403d082aa24f35e1b516d23) [PhysX] Initialized MultithreadedTaskDispatcher with 12 workers.
 -> (artifact id: '6c92fe2684c4f11fa619e21b86f0291e') in 0.009375 seconds
Number of updated asset objects reloaded before import = 0
Number of asset objects unloaded after import = 1
========================================================================
Received Import Request.
  Time since last request: 0.000013 seconds.
  path: Assets/Plugins/Zenject/Source/Providers/SubContainerCreators/SubContainerCreatorByInstaller.cs
  artifactKey: Guid(d932bdf1cc240394a94c9fd81dfa9218) Importer(2089858483,0ecaa5967403d082aa24f35e1b516d23)
Start importing Assets/Plugins/Zenject/Source/Providers/SubContainerCreators/SubContainerCreatorByInstaller.cs using Guid(d932bdf1cc240394a94c9fd81dfa9218) Importer(2089858483,0ecaa5967403d082aa24f35e1b516d23) [PhysX] Initialized MultithreadedTaskDispatcher with 12 workers.
 -> (artifact id: 'ce800b77332e494e16f7196e02cfc955') in 0.009335 seconds
Number of updated asset objects reloaded before import = 0
Number of asset objects unloaded after import = 1
========================================================================
Received Import Request.
  Time since last request: 0.000016 seconds.
  path: Assets/Plugins/Zenject/Source/Binding/Binders/Factory/FactoryArgumentsToChoiceBinder/FactoryArgumentsToChoiceBinder1.cs
  artifactKey: Guid(a37e124df695f644e87579f08ea443f7) Importer(2089858483,0ecaa5967403d082aa24f35e1b516d23)
Start importing Assets/Plugins/Zenject/Source/Binding/Binders/Factory/FactoryArgumentsToChoiceBinder/FactoryArgumentsToChoiceBinder1.cs using Guid(a37e124df695f644e87579f08ea443f7) Importer(2089858483,0ecaa5967403d082aa24f35e1b516d23) [PhysX] Initialized MultithreadedTaskDispatcher with 12 workers.
 -> (artifact id: '18ef278396cec9c1cef3ad219923192c') in 0.009180 seconds
Number of updated asset objects reloaded before import = 0
Number of asset objects unloaded after import = 1
========================================================================
Received Import Request.
  Time since last request: 0.000019 seconds.
  path: Assets/Plugins/Zenject/Source/Binding/Binders/Conventions/ConventionBindInfo.cs
  artifactKey: Guid(f1e908965ce63ab40b271724cb5490aa) Importer(2089858483,0ecaa5967403d082aa24f35e1b516d23)
Start importing Assets/Plugins/Zenject/Source/Binding/Binders/Conventions/ConventionBindInfo.cs using Guid(f1e908965ce63ab40b271724cb5490aa) Importer(2089858483,0ecaa5967403d082aa24f35e1b516d23) [PhysX] Initialized MultithreadedTaskDispatcher with 12 workers.
 -> (artifact id: '2bc1dbd07d23b0ac8b98a4c03166397f') in 0.009936 seconds
Number of updated asset objects reloaded before import = 0
Number of asset objects unloaded after import = 1
========================================================================
Received Import Request.
  Time since last request: 0.000016 seconds.
  path: Assets/Plugins/Zenject/Source/Providers/SubContainerCreators/SubContainerCreatorCached.cs
  artifactKey: Guid(64db75da3b9de56409556af4513979c2) Importer(2089858483,0ecaa5967403d082aa24f35e1b516d23)
Start importing Assets/Plugins/Zenject/Source/Providers/SubContainerCreators/SubContainerCreatorCached.cs using Guid(64db75da3b9de56409556af4513979c2) Importer(2089858483,0ecaa5967403d082aa24f35e1b516d23) [PhysX] Initialized MultithreadedTaskDispatcher with 12 workers.
 -> (artifact id: '3167a004fbf684f546d3ff973cb6286d') in 0.009965 seconds
Number of updated asset objects reloaded before import = 0
Number of asset objects unloaded after import = 1
========================================================================
Received Import Request.
  Time since last request: 0.000019 seconds.
  path: Assets/Plugins/Zenject/Source/Binding/Finalizers/NullBindingFinalizer.cs
  artifactKey: Guid(6b41a20eb0faa1041bf6aa0bfcc76064) Importer(2089858483,0ecaa5967403d082aa24f35e1b516d23)
Start importing Assets/Plugins/Zenject/Source/Binding/Finalizers/NullBindingFinalizer.cs using Guid(6b41a20eb0faa1041bf6aa0bfcc76064) Importer(2089858483,0ecaa5967403d082aa24f35e1b516d23) [PhysX] Initialized MultithreadedTaskDispatcher with 12 workers.
 -> (artifact id: 'e5a942ba348aebe3a915179c1ac713bd') in 0.009351 seconds
Number of updated asset objects reloaded before import = 0
Number of asset objects unloaded after import = 1
========================================================================
Received Import Request.
  Time since last request: 0.000020 seconds.
  path: Assets/Plugins/Zenject/Source/Binding/Binders/Factory/FactoryFromBinderBase.cs
  artifactKey: Guid(1cdc9466c4b6c7f4f81675e8f546672f) Importer(2089858483,0ecaa5967403d082aa24f35e1b516d23)
Start importing Assets/Plugins/Zenject/Source/Binding/Binders/Factory/FactoryFromBinderBase.cs using Guid(1cdc9466c4b6c7f4f81675e8f546672f) Importer(2089858483,0ecaa5967403d082aa24f35e1b516d23) [PhysX] Initialized MultithreadedTaskDispatcher with 12 workers.
 -> (artifact id: '068df6c7369d78371898bffd076bc5ed') in 0.009421 seconds
Number of updated asset objects reloaded before import = 0
Number of asset objects unloaded after import = 1
========================================================================
Received Import Request.
  Time since last request: 0.000019 seconds.
  path: Assets/Plugins/Zenject/Source/Binding/Finalizers/ScopableBindingFinalizer.cs
  artifactKey: Guid(d2392181aaeca434cb15e2719d7567d6) Importer(2089858483,0ecaa5967403d082aa24f35e1b516d23)
Start importing Assets/Plugins/Zenject/Source/Binding/Finalizers/ScopableBindingFinalizer.cs using Guid(d2392181aaeca434cb15e2719d7567d6) Importer(2089858483,0ecaa5967403d082aa24f35e1b516d23) [PhysX] Initialized MultithreadedTaskDispatcher with 12 workers.
 -> (artifact id: '519b66bbc3fe20c1a6167f2f1428f8e2') in 0.010594 seconds
Number of updated asset objects reloaded before import = 0
Number of asset objects unloaded after import = 1
========================================================================
Received Import Request.
  Time since last request: 0.000015 seconds.
  path: Assets/Plugins/Zenject/Source/Binding/Binders/Factory/FactoryArgumentsToChoiceBinder/FactoryArgumentsToChoiceBinder10.cs
  artifactKey: Guid(614bb4e31afa5154487c94e128e9461a) Importer(2089858483,0ecaa5967403d082aa24f35e1b516d23)
Start importing Assets/Plugins/Zenject/Source/Binding/Binders/Factory/FactoryArgumentsToChoiceBinder/FactoryArgumentsToChoiceBinder10.cs using Guid(614bb4e31afa5154487c94e128e9461a) Importer(2089858483,0ecaa5967403d082aa24f35e1b516d23) [PhysX] Initialized MultithreadedTaskDispatcher with 12 workers.
 -> (artifact id: '4dc65624b48c92697797407674a7979a') in 0.009883 seconds
Number of updated asset objects reloaded before import = 0
Number of asset objects unloaded after import = 1
========================================================================
Received Import Request.
  Time since last request: 0.000015 seconds.
  path: Assets/Plugins/Zenject/Source/Binding/Binders/Conventions/ConventionFilterTypesBinder.cs
  artifactKey: Guid(fc3e9c89606ca52458403153ad0d9b3e) Importer(2089858483,0ecaa5967403d082aa24f35e1b516d23)
Start importing Assets/Plugins/Zenject/Source/Binding/Binders/Conventions/ConventionFilterTypesBinder.cs using Guid(fc3e9c89606ca52458403153ad0d9b3e) Importer(2089858483,0ecaa5967403d082aa24f35e1b516d23) [PhysX] Initialized MultithreadedTaskDispatcher with 12 workers.
 -> (artifact id: 'ea7d38b1a70a0b58f9ca09d4dcfde51a') in 0.010105 seconds
Number of updated asset objects reloaded before import = 0
Number of asset objects unloaded after import = 1
========================================================================
Received Import Request.
  Time since last request: 0.000016 seconds.
  path: Assets/Plugins/Zenject/Source/Binding/Binders/Conventions/ConventionAssemblySelectionBinder.cs
  artifactKey: Guid(5229c122d45b5634ebd4b9bccee749ac) Importer(2089858483,0ecaa5967403d082aa24f35e1b516d23)
Start importing Assets/Plugins/Zenject/Source/Binding/Binders/Conventions/ConventionAssemblySelectionBinder.cs using Guid(5229c122d45b5634ebd4b9bccee749ac) Importer(2089858483,0ecaa5967403d082aa24f35e1b516d23) [PhysX] Initialized MultithreadedTaskDispatcher with 12 workers.
 -> (artifact id: '7cd6d0ce956698a1c99ec91348917fef') in 0.010178 seconds
Number of updated asset objects reloaded before import = 0
Number of asset objects unloaded after import = 1
========================================================================
Received Import Request.
  Time since last request: 0.000014 seconds.
  path: Assets/Plugins/Zenject/Source/Binding/Binders/Factory/FactoryFromBinder/FactoryFromBinder0.cs
  artifactKey: Guid(fd0f7feaafd2cc44da895162de285da7) Importer(2089858483,0ecaa5967403d082aa24f35e1b516d23)
Start importing Assets/Plugins/Zenject/Source/Binding/Binders/Factory/FactoryFromBinder/FactoryFromBinder0.cs using Guid(fd0f7feaafd2cc44da895162de285da7) Importer(2089858483,0ecaa5967403d082aa24f35e1b516d23) [PhysX] Initialized MultithreadedTaskDispatcher with 12 workers.
 -> (artifact id: '1805e74a8215284280c90871aff10344') in 0.009297 seconds
Number of updated asset objects reloaded before import = 0
Number of asset objects unloaded after import = 1
========================================================================
Received Import Request.
  Time since last request: 0.000014 seconds.
  path: Assets/Plugins/Zenject/Source/Binding/Binders/Factory/FactoryToChoiceBinder/FactoryToChoiceBinder1.cs
  artifactKey: Guid(388c17c735861d145903203b31cb190d) Importer(2089858483,0ecaa5967403d082aa24f35e1b516d23)
Start importing Assets/Plugins/Zenject/Source/Binding/Binders/Factory/FactoryToChoiceBinder/FactoryToChoiceBinder1.cs using Guid(388c17c735861d145903203b31cb190d) Importer(2089858483,0ecaa5967403d082aa24f35e1b516d23) [PhysX] Initialized MultithreadedTaskDispatcher with 12 workers.
 -> (artifact id: '360ccd144e2b29ffb7e349aa5b597cb3') in 0.009820 seconds
Number of updated asset objects reloaded before import = 0
Number of asset objects unloaded after import = 1
========================================================================
Received Import Request.
  Time since last request: 0.000017 seconds.
  path: Assets/Plugins/Zenject/Source/Providers/ComponentProviders/GetFromPrefabComponentProvider.cs
  artifactKey: Guid(e6a49432e004bd8409d3ddea6a45a3f8) Importer(2089858483,0ecaa5967403d082aa24f35e1b516d23)
Start importing Assets/Plugins/Zenject/Source/Providers/ComponentProviders/GetFromPrefabComponentProvider.cs using Guid(e6a49432e004bd8409d3ddea6a45a3f8) Importer(2089858483,0ecaa5967403d082aa24f35e1b516d23) [PhysX] Initialized MultithreadedTaskDispatcher with 12 workers.
 -> (artifact id: '052db0fc855c72de3deb93b004e9de71') in 0.010387 seconds
Number of updated asset objects reloaded before import = 0
Number of asset objects unloaded after import = 1
========================================================================
Received Import Request.
  Time since last request: 0.000017 seconds.
  path: Assets/Plugins/Zenject/Source/Providers/SubContainerCreators/SubContainerCreatorByMethod.cs
  artifactKey: Guid(5f4bb37c4e2a5bf44865ed1ab3bef21e) Importer(2089858483,0ecaa5967403d082aa24f35e1b516d23)
Start importing Assets/Plugins/Zenject/Source/Providers/SubContainerCreators/SubContainerCreatorByMethod.cs using Guid(5f4bb37c4e2a5bf44865ed1ab3bef21e) Importer(2089858483,0ecaa5967403d082aa24f35e1b516d23) [PhysX] Initialized MultithreadedTaskDispatcher with 12 workers.
 -> (artifact id: 'bbfcaa0b5af20eca0d2eb4281426b03c') in 0.009487 seconds
Number of updated asset objects reloaded before import = 0
Number of asset objects unloaded after import = 1
========================================================================
Received Import Request.
  Time since last request: 0.001711 seconds.
  path: Assets/Plugins/Zenject/Source/Binding/Binders/Factory/Pooling/MemoryPoolInitialSizeBinder.cs
  artifactKey: Guid(80ff9e6d501d30d4a82639f4ae453712) Importer(2089858483,0ecaa5967403d082aa24f35e1b516d23)
Start importing Assets/Plugins/Zenject/Source/Binding/Binders/Factory/Pooling/MemoryPoolInitialSizeBinder.cs using Guid(80ff9e6d501d30d4a82639f4ae453712) Importer(2089858483,0ecaa5967403d082aa24f35e1b516d23) [PhysX] Initialized MultithreadedTaskDispatcher with 12 workers.
 -> (artifact id: '5b9fe644f0b30166ba15bdaddb74f017') in 0.007916 seconds
Number of updated asset objects reloaded before import = 0
Number of asset objects unloaded after import = 1
========================================================================
Received Import Request.
  Time since last request: 0.000024 seconds.
  path: Assets/Plugins/Zenject/Source/Binding/Binders/Factory/FactoryFromBinder/SubContainerBinder/FactorySubContainerBinder0.cs
  artifactKey: Guid(3c12d5eb6ac4cc8449986d020ef27e4f) Importer(2089858483,0ecaa5967403d082aa24f35e1b516d23)
Start importing Assets/Plugins/Zenject/Source/Binding/Binders/Factory/FactoryFromBinder/SubContainerBinder/FactorySubContainerBinder0.cs using Guid(3c12d5eb6ac4cc8449986d020ef27e4f) Importer(2089858483,0ecaa5967403d082aa24f35e1b516d23) [PhysX] Initialized MultithreadedTaskDispatcher with 12 workers.
 -> (artifact id: 'fcd2f6a8bf964c2461c99494853e20e8') in 0.009858 seconds
Number of updated asset objects reloaded before import = 0
Number of asset objects unloaded after import = 1
========================================================================
Received Import Request.
  Time since last request: 0.000013 seconds.
  path: Assets/Plugins/Zenject/Source/Binding/Binders/Factory/FactoryFromBinder/SubContainerBinder/FactorySubContainerBinder2.cs
  artifactKey: Guid(5f32bdc495dbe204caab18bace045515) Importer(2089858483,0ecaa5967403d082aa24f35e1b516d23)
Start importing Assets/Plugins/Zenject/Source/Binding/Binders/Factory/FactoryFromBinder/SubContainerBinder/FactorySubContainerBinder2.cs using Guid(5f32bdc495dbe204caab18bace045515) Importer(2089858483,0ecaa5967403d082aa24f35e1b516d23) [PhysX] Initialized MultithreadedTaskDispatcher with 12 workers.
 -> (artifact id: 'da71ad29b5061bd8659ec58281e2fd2b') in 0.009903 seconds
Number of updated asset objects reloaded before import = 0
Number of asset objects unloaded after import = 1
========================================================================
Received Import Request.
  Time since last request: 0.000013 seconds.
  path: Assets/Plugins/Zenject/Source/Binding/Binders/Factory/FactoryFromBinder/SubContainerBinder/FactorySubContainerBinder3.cs
  artifactKey: Guid(fdb97e2862ca0a24e8f87c081ea05727) Importer(2089858483,0ecaa5967403d082aa24f35e1b516d23)
Start importing Assets/Plugins/Zenject/Source/Binding/Binders/Factory/FactoryFromBinder/SubContainerBinder/FactorySubContainerBinder3.cs using Guid(fdb97e2862ca0a24e8f87c081ea05727) Importer(2089858483,0ecaa5967403d082aa24f35e1b516d23) [PhysX] Initialized MultithreadedTaskDispatcher with 12 workers.
 -> (artifact id: '8971f33a0b16a8fa03a2c92201ed044c') in 0.009917 seconds
Number of updated asset objects reloaded before import = 0
Number of asset objects unloaded after import = 1
========================================================================
Received Import Request.
  Time since last request: 0.000014 seconds.
  path: Assets/Plugins/Zenject/Source/Binding/Binders/Factory/FactoryFromBinder/SubContainerBinder/FactorySubContainerBinder1.cs
  artifactKey: Guid(b119fe818c4bae143ab8f9a4f2a1b0fd) Importer(2089858483,0ecaa5967403d082aa24f35e1b516d23)
Start importing Assets/Plugins/Zenject/Source/Binding/Binders/Factory/FactoryFromBinder/SubContainerBinder/FactorySubContainerBinder1.cs using Guid(b119fe818c4bae143ab8f9a4f2a1b0fd) Importer(2089858483,0ecaa5967403d082aa24f35e1b516d23) [PhysX] Initialized MultithreadedTaskDispatcher with 12 workers.
 -> (artifact id: '4d02fd54a82168bd52c1fcdcadb42ae7') in 0.008694 seconds
Number of updated asset objects reloaded before import = 0
Number of asset objects unloaded after import = 1
